-- phpMyAdmin SQL Dump
-- version 4.9.2
-- https://www.phpmyadmin.net/
--
-- Host: 127.0.0.1
-- Generation Time: Aug 03, 2020 at 11:41 AM
-- Server version: 10.4.10-MariaDB
-- PHP Version: 7.3.12

SET SQL_MODE = "NO_AUTO_VALUE_ON_ZERO";
SET AUTOCOMMIT = 0;
START TRANSACTION;
SET time_zone = "+00:00";


/*!40101 SET @OLD_CHARACTER_SET_CLIENT=@@CHARACTER_SET_CLIENT */;
/*!40101 SET @OLD_CHARACTER_SET_RESULTS=@@CHARACTER_SET_RESULTS */;
/*!40101 SET @OLD_COLLATION_CONNECTION=@@COLLATION_CONNECTION */;
/*!40101 SET NAMES utf8mb4 */;

--
-- Database: `app_db`
--

-- --------------------------------------------------------

--
-- Table structure for table `ac_messages`
--

CREATE TABLE `ac_messages` (
  `id` int(11) NOT NULL,
  `m_from` int(11) NOT NULL DEFAULT 0,
  `m_to` int(11) NOT NULL,
  `message` text COLLATE utf8mb4_unicode_ci NOT NULL,
  `is_read` tinyint(1) NOT NULL DEFAULT 0,
  `m_from_delete` tinyint(1) NOT NULL DEFAULT 0,
  `m_to_delete` tinyint(1) NOT NULL DEFAULT 0,
  `dt_updated` datetime DEFAULT NULL
) ENGINE=InnoDB DEFAULT CHARSET=utf8mb4 COLLATE=utf8mb4_unicode_ci;

-- --------------------------------------------------------

--
-- Table structure for table `ac_profiles`
--

CREATE TABLE `ac_profiles` (
  `id` int(11) NOT NULL,
  `user_id` int(11) DEFAULT NULL,
  `fullname` varchar(256) COLLATE utf8mb4_unicode_ci DEFAULT NULL,
  `avatar` varchar(256) COLLATE utf8mb4_unicode_ci DEFAULT NULL,
  `status` tinyint(4) NOT NULL DEFAULT 0 COMMENT '0:offline;1:online;2:away;3:busy',
  `dt_updated` datetime DEFAULT NULL
) ENGINE=InnoDB DEFAULT CHARSET=utf8mb4 COLLATE=utf8mb4_unicode_ci;

-- --------------------------------------------------------

--
-- Table structure for table `ac_settings`
--

CREATE TABLE `ac_settings` (
  `id` int(11) NOT NULL,
  `s_name` varchar(512) COLLATE utf8mb4_unicode_ci DEFAULT NULL,
  `s_value` text COLLATE utf8mb4_unicode_ci DEFAULT NULL,
  `dt_updated` datetime DEFAULT NULL
) ENGINE=InnoDB DEFAULT CHARSET=utf8mb4 COLLATE=utf8mb4_unicode_ci;

--
-- Dumping data for table `ac_settings`
--

INSERT INTO `ac_settings` (`id`, `s_name`, `s_value`, `dt_updated`) VALUES
(1, 'admin_user_id', '182', '2019-10-18 12:53:26'),
(2, 'pagination_limit', '5', '2019-10-18 12:53:26'),
(3, 'img_upload_path', 'upload', '2019-03-06 00:00:00'),
(4, 'assets_path', 'assets', '2019-10-18 12:53:26'),
(5, 'users_table', 'td_members', '2019-10-18 12:53:26'),
(6, 'users_col_id', 'id', '2019-10-18 12:53:26'),
(7, 'users_col_email', 'email_address', '2019-10-18 12:53:26'),
(8, 'site_name', 'Lombard Medical', '2019-10-18 12:53:26'),
(9, 'site_logo', NULL, '2019-09-06 08:25:52'),
(10, 'chat_icon', NULL, '2019-09-06 08:24:20'),
(11, 'notification_type', '0', '2019-10-18 12:53:26'),
(12, 'footer_text', NULL, '2019-10-18 12:53:26'),
(13, 'footer_url', '', '2019-10-18 12:53:26');

-- --------------------------------------------------------

--
-- Table structure for table `ac_users_messages`
--

CREATE TABLE `ac_users_messages` (
  `id` int(11) NOT NULL,
  `users_id` int(11) NOT NULL,
  `buddy_id` int(11) NOT NULL,
  `messages_count` int(11) NOT NULL DEFAULT 1
) ENGINE=InnoDB DEFAULT CHARSET=utf8;

-- --------------------------------------------------------

--
-- Table structure for table `td_account_type`
--

CREATE TABLE `td_account_type` (
  `id` int(11) NOT NULL,
  `account_type` varchar(20) NOT NULL
) ENGINE=MyISAM DEFAULT CHARSET=utf8;

--
-- Dumping data for table `td_account_type`
--

INSERT INTO `td_account_type` (`id`, `account_type`) VALUES
(1, 'administrator'),
(2, 'mere user'),
(3, 'root');

-- --------------------------------------------------------

--
-- Table structure for table `td_banks`
--

CREATE TABLE `td_banks` (
  `id` int(11) NOT NULL,
  `bank_name` varchar(255) NOT NULL,
  `account_name` varchar(255) NOT NULL,
  `account_number` varchar(255) NOT NULL,
  `member_id` int(11) NOT NULL
) ENGINE=MyISAM DEFAULT CHARSET=utf8;

--
-- Dumping data for table `td_banks`
--

INSERT INTO `td_banks` (`id`, `bank_name`, `account_name`, `account_number`, `member_id`) VALUES
(1, '', '', '', 178),
(2, '', '', '', 179),
(3, '', '', '', 180),
(4, '', '', '', 181),
(5, '', '', '', 182),
(6, '', '', '', 183),
(7, '', '', '', 184),
(8, '', '', '', 185),
(9, '', '', '', 186);

-- --------------------------------------------------------

--
-- Table structure for table `td_btc`
--

CREATE TABLE `td_btc` (
  `id` int(11) NOT NULL,
  `address` varchar(255) NOT NULL,
  `member_id` int(11) NOT NULL
) ENGINE=MyISAM DEFAULT CHARSET=utf8;

-- --------------------------------------------------------

--
-- Table structure for table `td_deposits`
--

CREATE TABLE `td_deposits` (
  `id` int(11) NOT NULL,
  `member_id` int(11) NOT NULL,
  `date` datetime NOT NULL DEFAULT current_timestamp(),
  `date_approved` datetime DEFAULT NULL,
  `amount` decimal(10,0) NOT NULL,
  `deposit_options_id` int(11) NOT NULL,
  `package_id` int(11) NOT NULL,
  `is_pending` tinyint(1) NOT NULL,
  `is_expired` tinyint(1) NOT NULL
) ENGINE=MyISAM DEFAULT CHARSET=utf8;

--
-- Dumping data for table `td_deposits`
--

INSERT INTO `td_deposits` (`id`, `member_id`, `date`, `date_approved`, `amount`, `deposit_options_id`, `package_id`, `is_pending`, `is_expired`) VALUES
(4, 185, '2020-08-03 12:59:54', '2020-08-03 13:04:44', '1000', 1, 2, 0, 0),
(17, 186, '2020-08-03 16:58:18', '2020-08-03 17:01:36', '1000', 1, 2, 0, 0),
(14, 185, '2020-08-03 13:26:05', '2020-08-01 13:28:36', '1000', 1, 2, 0, 0);

-- --------------------------------------------------------

--
-- Table structure for table `td_deposit_options`
--

CREATE TABLE `td_deposit_options` (
  `id` int(11) NOT NULL,
  `name` varchar(200) NOT NULL,
  `account` varchar(255) NOT NULL,
  `rule` varchar(255) NOT NULL
) ENGINE=MyISAM DEFAULT CHARSET=utf8;

--
-- Dumping data for table `td_deposit_options`
--

INSERT INTO `td_deposit_options` (`id`, `name`, `account`, `rule`) VALUES
(1, 'Bitcoin', '1GAR2j6XaKyevnfhgr9oNPo4pukBBHiFXK', ''),
(2, 'Bitcoin Cash', 'bitcoincash:qzn9rvrlg3exkrcv8xd785s63m9g62dczs6ze5j2xh', ''),
(3, 'Ethereum', 'energyfuelsmainoffice@gail.com\r\n', ''),
(5, 'Stellar', 'GCJW4D4DPC3NIF3LASQCQLDIFPBQWHKA27X4UPYKDYNPXPDAZZJXN4RO', ''),
(11, 'Reinvestment', '', '');

-- --------------------------------------------------------

--
-- Table structure for table `td_fund_transfer`
--

CREATE TABLE `td_fund_transfer` (
  `id` int(11) NOT NULL,
  `sender_member_id` int(11) NOT NULL,
  `receiver_member_id` int(11) NOT NULL,
  `amount` decimal(10,2) NOT NULL,
  `date` datetime NOT NULL DEFAULT current_timestamp()
) ENGINE=InnoDB DEFAULT CHARSET=utf8mb4 COLLATE=utf8mb4_unicode_ci;

-- --------------------------------------------------------

--
-- Table structure for table `td_gcash`
--

CREATE TABLE `td_gcash` (
  `id` int(11) NOT NULL,
  `phone_number` varchar(200) NOT NULL,
  `member_id` int(11) NOT NULL
) ENGINE=InnoDB DEFAULT CHARSET=utf8mb4;

-- --------------------------------------------------------

--
-- Table structure for table `td_members`
--

CREATE TABLE `td_members` (
  `id` int(11) NOT NULL,
  `full_name` varchar(255) NOT NULL,
  `username` varchar(200) NOT NULL,
  `email_address` varchar(255) NOT NULL,
  `referral_code_id` int(11) NOT NULL,
  `date` datetime NOT NULL,
  `password` varchar(255) NOT NULL,
  `account_type_id` int(11) NOT NULL DEFAULT 2,
  `contact_number` varchar(11) NOT NULL,
  `image_name` varchar(255) NOT NULL,
  `image_orientation` varchar(255) NOT NULL,
  `birthdate` date DEFAULT NULL,
  `country` varchar(200) NOT NULL,
  `verified` tinyint(1) NOT NULL,
  `verification_code` varchar(10) NOT NULL
) ENGINE=MyISAM DEFAULT CHARSET=utf8;

--
-- Dumping data for table `td_members`
--

INSERT INTO `td_members` (`id`, `full_name`, `username`, `email_address`, `referral_code_id`, `date`, `password`, `account_type_id`, `contact_number`, `image_name`, `image_orientation`, `birthdate`, `country`, `verified`, `verification_code`) VALUES
(1, 'test', '', 'test@g.com', 1, '2020-03-17 10:00:00', '', 3, '', '', '', '2020-05-16', '', 1, ''),
(184, 'admin admin', 'admin', 'admin@dashboard-lombardmedical.com', 2, '2020-08-03 01:48:12', '$2y$11$ttqbrmL0/VWaBdNi4SBE2.9YFACp6teUXLgdakkvsjzWRCq2HhHNy', 1, '', '', '', '1988-12-31', 'Phillipines', 0, 'zHCNcFd'),
(183, 'user one', 'user1', 'user1@g.c', 3, '2020-07-24 18:36:18', '$2y$11$RSuUkgrGn66IcGaAnDlbXO08E6By3e4UdqVnhxncf7Cr4cI2hqiTO', 2, '', '', '', '1994-12-03', 'Phillipines', 0, '4LWsfYr'),
(185, 'user two', 'user2', 'user2@g.c', 4, '2020-08-03 09:42:56', '$2y$11$NDZVOIS5w0CTM3BkFeUBUevFS0LOZe2ZYhyAPrV9lpNpChW5u0/Wy', 2, '', '', '', '1998-10-30', 'Phillipines', 0, '40cWvlH'),
(186, 'user three', 'userthree', 'user3@g.c', 5, '2020-08-03 16:56:56', '$2y$11$PlihVVijIFq9JP0zLP4IC.8Z1N46d1.Buji2/4QiUGRek4VhEFVoa', 2, '', '', '', '1999-12-31', 'Phillipines', 0, 'ITUt18k');

-- --------------------------------------------------------

--
-- Table structure for table `td_packages`
--

CREATE TABLE `td_packages` (
  `id` int(11) NOT NULL,
  `package_name` varchar(255) NOT NULL,
  `daily_rate` float NOT NULL,
  `minimum_amount` float NOT NULL,
  `maximum_amount` float NOT NULL,
  `duration_in_days` int(11) NOT NULL,
  `expected_profit` decimal(10,0) DEFAULT NULL
) ENGINE=MyISAM DEFAULT CHARSET=utf8;

--
-- Dumping data for table `td_packages`
--

INSERT INTO `td_packages` (`id`, `package_name`, `daily_rate`, `minimum_amount`, `maximum_amount`, `duration_in_days`, `expected_profit`) VALUES
(1, 'Aorfix', 1.4, 80, 799, 180, '0'),
(2, 'Altura', 1.8, 800, 7999, 150, '0'),
(3, 'Minos', 2.4, 8000, 100000000000, 120, '0');

-- --------------------------------------------------------

--
-- Table structure for table `td_referrals`
--

CREATE TABLE `td_referrals` (
  `id` int(11) NOT NULL,
  `referrer_id` int(11) NOT NULL,
  `referee_id` int(11) NOT NULL,
  `referral_bonus` decimal(10,0) NOT NULL
) ENGINE=MyISAM DEFAULT CHARSET=utf8;

--
-- Dumping data for table `td_referrals`
--

INSERT INTO `td_referrals` (`id`, `referrer_id`, `referee_id`, `referral_bonus`) VALUES
(9, 185, 186, '0'),
(6, 184, 183, '0'),
(7, 1, 184, '0'),
(8, 183, 185, '0');

-- --------------------------------------------------------

--
-- Table structure for table `td_referral_bonus`
--

CREATE TABLE `td_referral_bonus` (
  `id` int(11) NOT NULL,
  `deposit_id` int(11) NOT NULL,
  `referrer_id` int(11) NOT NULL,
  `amount` decimal(10,5) NOT NULL
) ENGINE=InnoDB DEFAULT CHARSET=utf8mb4;

--
-- Dumping data for table `td_referral_bonus`
--

INSERT INTO `td_referral_bonus` (`id`, `deposit_id`, `referrer_id`, `amount`) VALUES
(5, 4, 183, '80.00000'),
(6, 4, 182, '10.00000'),
(7, 14, 183, '80.00000'),
(8, 14, 184, '10.00000'),
(9, 17, 185, '80.00000'),
(10, 17, 183, '10.00000'),
(11, 17, 184, '10.00000');

-- --------------------------------------------------------

--
-- Table structure for table `td_referral_codes`
--

CREATE TABLE `td_referral_codes` (
  `id` int(11) NOT NULL,
  `code` varchar(10) NOT NULL,
  `is_taken` tinyint(1) NOT NULL DEFAULT 0
) ENGINE=MyISAM DEFAULT CHARSET=utf8;

--
-- Dumping data for table `td_referral_codes`
--

INSERT INTO `td_referral_codes` (`id`, `code`, `is_taken`) VALUES
(1, 'HunYK0', 1),
(2, 'Q4I0Fi', 1),
(3, 'fpJUt7', 1),
(4, '690SO7', 1),
(5, 'NXCAeS', 1),
(6, 'W0NHRU', 0),
(7, 'etCFAm', 0),
(8, 'V9KadJ', 0),
(9, 'oufj7L', 0),
(10, 'RbUj2S', 0),
(11, 'NyhcmQ', 0),
(12, 'iU9JQg', 0),
(13, 'H6nBfC', 0),
(14, 'bsDSzX', 0),
(15, 'fbUohW', 0),
(16, 'AYPX7C', 0),
(17, 'kmIsRE', 0),
(18, 'qS2xGM', 0),
(19, 'CsDMJz', 0),
(20, 'L1lfpe', 0),
(21, 'd1XuzC', 0),
(22, '1HAlZ9', 0),
(23, 'd1v3Qp', 0),
(24, 'WjlRdF', 0),
(25, 'bvSUqX', 0),
(26, 'SX3KWg', 0),
(27, 'JaYOhK', 0),
(28, 'u5Jg1n', 0),
(29, 'ZA2KQ9', 0),
(30, 'hWfrIB', 0),
(31, 'p2Dh6f', 0),
(32, '3Ezd0x', 0),
(33, 'RIMitm', 0),
(34, 'tiS7qX', 0),
(35, 'KXBOFT', 0),
(36, 'w1mhDC', 0),
(37, 'tkn8mY', 0),
(38, 'ZStP9m', 0),
(39, 'UCvgcE', 0),
(40, 'fBNzoO', 0),
(41, 'J6qTi5', 0),
(42, 'G0aVSn', 0),
(43, 'OG065P', 0),
(44, 'YE7v3A', 0),
(45, 'XJncqN', 0),
(46, 'WjA0QV', 0),
(47, '41NRau', 0),
(48, 'Q21cjT', 0),
(49, 'CWPwA7', 0),
(50, 'NjP5cv', 0),
(51, 'MHjEK0', 0),
(52, 'YEihrU', 0),
(53, 'JBH72e', 0),
(54, '1JUoOM', 0),
(55, '5ODtJH', 0),
(56, 'ijHPkQ', 0),
(57, 'lM2LiC', 0),
(58, 'oBsJzM', 0),
(59, 'bmM4qU', 0),
(60, 'Q02AUE', 0),
(61, 'dgqG4K', 0),
(62, '1Pmrns', 0),
(63, 'Xx1tYU', 0),
(64, '8uzkcN', 0),
(65, '3KuTQx', 0),
(66, 'fqhN7D', 0),
(67, 'HvAjoq', 0),
(68, '9FEJHB', 0),
(69, 'ARng9i', 0),
(70, '1xUVlI', 0),
(71, 'r3o7hT', 0),
(72, 'Ao9a2L', 0),
(73, '92zctM', 0),
(74, 'OUZPEi', 0),
(75, 'fo2IsA', 0),
(76, 'm4P1d2', 0),
(77, 'RPW6ck', 0),
(78, 'fZcOBu', 0),
(79, '3diQlS', 0),
(80, 'ygdvf3', 0),
(81, 'VyU7W9', 0),
(82, 'HDOxi5', 0),
(83, 'hwksOC', 0),
(84, 'QPwMcg', 0),
(85, 'NJCdaE', 0),
(86, 'VKTSbG', 0),
(87, 'afc2XG', 0),
(88, 'Eeb9tA', 0),
(89, 'Hcq8mz', 0),
(90, '3vYyZk', 0),
(91, 'XFOzMH', 0),
(92, 'Pzlf9w', 0),
(93, 'Qafbp6', 0),
(94, 'bo1M5z', 0),
(95, 'M9rBSK', 0),
(96, 'isQbtO', 0),
(97, 'tWOTcD', 0),
(98, 'brUzXh', 0),
(99, 'VF6uSJ', 0),
(100, 'AQohKt', 0),
(101, 'XE1Tkf', 0),
(102, 'yp7mDr', 0),
(103, 'dotxrk', 0),
(104, 'ruv1wH', 0),
(105, 'cTezCG', 0),
(106, 'kwx7pd', 0),
(107, 'yZgo05', 0),
(108, 'xrg4q1', 0),
(109, 'YRHqMB', 0),
(110, 'CxPBg8', 0),
(111, 'sM6Azc', 0),
(112, 'M2HO9T', 0),
(113, '3UlSD8', 0),
(114, 'fBudp5', 0),
(115, '4iXy2K', 0),
(116, 'jBnE0R', 0),
(117, 'hpNuRO', 0),
(118, 'KYWIwy', 0),
(119, 'opValk', 0),
(120, 'A8CGRQ', 0),
(121, 'vG9ZbB', 0),
(122, 'tq7RyI', 0),
(123, 'PbSW05', 0),
(124, 'uDrvyq', 0),
(125, 'xeRgcb', 0),
(126, 'C0dOep', 0),
(127, '1pFRAd', 0),
(128, 'FfgWlD', 0),
(129, 'hwoDEn', 0),
(130, 'lsreCX', 0),
(131, '0wRVWl', 0),
(132, '9Ns6Lv', 0),
(133, 'F5Nv27', 0),
(134, 'cMLOpg', 0),
(135, 'K1Gqsf', 0),
(136, 'mCP3sU', 0),
(137, '47iHFD', 0),
(138, 'Ey6joT', 0),
(139, 'OEatl5', 0),
(140, 'EPp23i', 0),
(141, '0J39UB', 0),
(142, 'GYQpcJ', 0),
(143, '9vA1Nz', 0),
(144, 'iZeMxA', 0),
(145, 'd8Tv4H', 0),
(146, 'qW36Dg', 0),
(147, 'VFmKeI', 0),
(148, 'pUSBTl', 0),
(149, 'VR1WTM', 0),
(150, 'FuBzNW', 0),
(151, 'lFOP5p', 0),
(152, '67XzkN', 0),
(153, 'ml8C2u', 0),
(154, 'acrtoN', 0),
(155, 'eMDFho', 0),
(156, 'hvr8JU', 0),
(157, 'BDGVnq', 0),
(158, 's3l8FE', 0),
(159, 'U1N4dQ', 0),
(160, 'TwMd1l', 0),
(161, 'ZGrLBH', 0),
(162, 'uSotln', 0),
(163, 'ufPeIV', 0),
(164, 'kPcUDw', 0),
(165, 't45ldz', 0),
(166, 'bu54hK', 0),
(167, 'dTISUx', 0),
(168, 'qDnzKu', 0),
(169, 'SV7QfM', 0),
(170, 'kMRx6y', 0),
(171, '6yFEap', 0),
(172, 'nierfR', 0),
(173, 'NY9BXg', 0),
(174, 'f8S6xA', 0),
(175, 'g2QU3m', 0),
(176, 'PUNWJo', 0),
(177, 'KPhX8A', 0),
(178, '9H7IoR', 0),
(179, '2wSTzt', 0),
(180, '5y8D7m', 0),
(181, '9X71YM', 0),
(182, 'MbnLOV', 0),
(183, 'gZkp6H', 0),
(184, 'tMgpVo', 0),
(185, 'NZ1ElO', 0),
(186, 'mMHisY', 0),
(187, 'zEre8u', 0),
(188, 'bVdlmf', 0),
(189, 'Lr1jNa', 0),
(190, '5CXTdo', 0),
(191, 'Hf6t8n', 0),
(192, '2dtQwl', 0),
(193, 'cBNfIr', 0),
(194, 'I1S7Xk', 0),
(195, 'yhcXuY', 0),
(196, 'MWfk04', 0),
(197, 'CvrPH7', 0),
(198, 'SAbJkQ', 0),
(199, '8lKOLc', 0),
(200, 'EtJoU0', 0),
(201, '0MXu5K', 0),
(202, 'jyJ9fO', 0),
(203, '4WrdPf', 0),
(204, '5GWpHw', 0),
(205, 'zNVkQq', 0),
(206, 'nDOZ8K', 0),
(207, 'fBirSI', 0),
(208, 'BV4Rur', 0),
(209, 'G6lzag', 0),
(210, 'APtJMp', 0),
(211, '3jZSY9', 0),
(212, 'lr9AoN', 0),
(213, 'i7Mu2b', 0),
(214, 'oEh7sx', 0),
(215, '8d1oxs', 0),
(216, 'SxlpwE', 0),
(217, '9QmOR3', 0),
(218, 'fQKB0a', 0),
(219, 'sCaY9d', 0),
(220, 'lOcRHg', 0),
(221, 'd1XQ4R', 0),
(222, 'XSn6xz', 0),
(223, 'ia8Ijx', 0),
(224, 'vStJzY', 0),
(225, '9HelFm', 0),
(226, '0vYdg1', 0),
(227, 'Eg0a28', 0),
(228, 'KCeBw4', 0),
(229, '6HQGxy', 0),
(230, 'vDQdac', 0),
(231, '6lS5VT', 0),
(232, '5I7Prs', 0),
(233, 'TeGk4d', 0),
(234, 'Lguocb', 0),
(235, 'FPjwOq', 0),
(236, '4EH7Wo', 0),
(237, 'mfpK5g', 0),
(238, 'arSyZB', 0),
(239, 'MAK02k', 0),
(240, '4dGS5N', 0),
(241, 'YqnIAj', 0),
(242, '9k1Mw3', 0),
(243, 'iMKGP8', 0),
(244, 'F69Gbt', 0),
(245, 'sXkQga', 0),
(246, 'GMXf51', 0),
(247, '2Yl6yC', 0),
(248, 'pMzAbW', 0),
(249, '2Wy6Uz', 0),
(250, 'q8nghA', 0),
(251, 'FTOotQ', 0),
(252, '2qYS06', 0),
(253, 'jACisO', 0),
(254, 'fLhZ0x', 0),
(255, 'jeIyEk', 0),
(256, 'BiRTjp', 0),
(257, 'UKzMkv', 0),
(258, 'qepu9y', 0),
(259, 'rJPMEH', 0),
(260, 'hSej32', 0),
(261, 'v6anOb', 0),
(262, 'mV5Jsl', 0),
(263, '6sat9m', 0),
(264, 'BOfeDn', 0),
(265, 'RufODU', 0),
(266, 'pjSuHF', 0),
(267, 'zmnKTI', 0),
(268, 'HRtNAG', 0),
(269, 'nDKPUH', 0),
(270, 'NsEbrK', 0),
(271, 'jZQeDS', 0),
(272, 'YqfzZa', 0),
(273, 'O4PjUv', 0),
(274, '17P3Xb', 0),
(275, 'Ai2zH3', 0),
(276, 'bI0CyP', 0),
(277, 'wItJ0E', 0),
(278, '2pJQbT', 0),
(279, 'CajPgt', 0),
(280, '6slYeE', 0),
(281, 'xshPJq', 0),
(282, 'UF1RQC', 0),
(283, 'O4GkKn', 0),
(284, 'DOrqwE', 0),
(285, 'QblwxH', 0),
(286, 'SGUI3w', 0),
(287, 'TGC1SH', 0),
(288, 'xIoz7P', 0),
(289, 'UQ2PJN', 0),
(290, 'f4Ehv5', 0),
(291, 'l15q9A', 0),
(292, 'RyiJUg', 0),
(293, 'btjDmX', 0),
(294, 'I7UNk0', 0),
(295, 's4Dr5k', 0),
(296, 'FKUxRs', 0),
(297, 'Vifuz4', 0),
(298, '7YBabz', 0),
(299, 'E4pKdh', 0),
(300, 'N7Zt5l', 0),
(301, 'Zc0BO6', 0),
(302, '02E1KM', 0),
(303, 'hodEaH', 0),
(304, 'FVEYHi', 0),
(305, 'z8pIcL', 0),
(306, 'pZGwNu', 0),
(307, 'bHjVS1', 0),
(308, 'lAGFRh', 0),
(309, 'W3VdhR', 0),
(310, 'wYXfrj', 0),
(311, '7OIzHf', 0),
(312, 'h6jM1V', 0),
(313, 'FvhxJt', 0),
(314, 'rwuJo7', 0),
(315, 'Xjr0DZ', 0),
(316, 'D3TVdn', 0),
(317, 'qcTUHb', 0),
(318, 'g4DRKY', 0),
(319, 'eKzkUj', 0),
(320, 'tKNSms', 0),
(321, 'nLR4ZF', 0),
(322, 'FbBImP', 0),
(323, '70ebS4', 0),
(324, 'Uxru2d', 0),
(325, 'aMARq8', 0),
(326, 'qgMNx3', 0),
(327, 'HXzFZt', 0),
(328, '1MyEcA', 0),
(329, 'p1mJw3', 0),
(330, 'UEyxwt', 0),
(331, 'I54bYM', 0),
(332, 'yvNYKr', 0),
(333, 'hLJPRM', 0),
(334, 'wA9xQj', 0),
(335, 'SA5Cyo', 0),
(336, 'iYrsIk', 0),
(337, 'Ez8fV5', 0),
(338, 'uMfjmS', 0),
(339, 'x40Piw', 0),
(340, '8QvWho', 0),
(341, '4iuWPo', 0),
(342, '3h5lo9', 0),
(343, 'LUWKuX', 0),
(344, 'vE7ot1', 0),
(345, 'zIDmHp', 0),
(346, 'd5NQEg', 0),
(347, 'HQKlAu', 0),
(348, 'ZwUgei', 0),
(349, 'Fkad7w', 0),
(350, 'Xkv0dY', 0),
(351, 'Q4kGEq', 0),
(352, 'fekaj6', 0),
(353, 'bHePcs', 0),
(354, 'uUkTor', 0),
(355, '1zELWG', 0),
(356, 'T4QVYi', 0),
(357, 'eoX3uf', 0),
(358, 'CDqaMT', 0),
(359, 'LWKi4a', 0),
(360, 'dSpyUC', 0),
(361, 'pA0Dcg', 0),
(362, 'ofscTp', 0),
(363, 'qZx6ML', 0),
(364, 'y2VNqa', 0),
(365, '6un0oH', 0),
(366, 'tiAumH', 0),
(367, '2Z0h5g', 0),
(368, 'o6FSQY', 0),
(369, 'gKQYGM', 0),
(370, 'Vnm8vZ', 0),
(371, '4FQ7ex', 0),
(372, 'AeGnRX', 0),
(373, '6PdDog', 0),
(374, 'jZwPU8', 0),
(375, 'DOiko3', 0),
(376, 'jqaM6m', 0),
(377, 'kncPGU', 0),
(378, 'OrqL3P', 0),
(379, 'wX2KWc', 0),
(380, 'njib5D', 0),
(381, '2DJA4i', 0),
(382, 'a5DgRM', 0),
(383, 'jf3lBA', 0),
(384, 'ogYmkz', 0),
(385, '6tKZA7', 0),
(386, 'HrEhPW', 0),
(387, 'eD85s4', 0),
(388, 'hMQGt1', 0),
(389, 'rT0GYD', 0),
(390, 'FHpIwh', 0),
(391, 'H2JkpA', 0),
(392, '15vYih', 0),
(393, 'Gn8Hc7', 0),
(394, 'JzO64E', 0),
(395, 'JE6HNu', 0),
(396, '03ac8G', 0),
(397, 'cANT7m', 0),
(398, 'CiQl7x', 0),
(399, 'LdxMl6', 0),
(400, 'RJar2g', 0),
(401, 'uyz192', 0),
(402, 'Nhtvo2', 0),
(403, 'NuHABy', 0),
(404, 'nTy5W4', 0),
(405, '9GB8kZ', 0),
(406, 'JsX4ZD', 0),
(407, 'Z0oThH', 0),
(408, 'hdxnZN', 0),
(409, 'uLgoRF', 0),
(410, 'toRhke', 0),
(411, 'fGjYDO', 0),
(412, 'q0gliD', 0),
(413, 'UBIhPt', 0),
(414, 'UWEyRi', 0),
(415, 'fCsuJh', 0),
(416, 'T4efDw', 0),
(417, 'BfxlEe', 0),
(418, 'vQaNXB', 0),
(419, 'j5DLHC', 0),
(420, 'qvLFHr', 0),
(421, 'mPywXQ', 0),
(422, 'rq1V5L', 0),
(423, 'kNKSM1', 0),
(424, 'Zn2c3X', 0),
(425, 'jqXxlu', 0),
(426, '890Nzl', 0),
(427, 'FjyILB', 0),
(428, 'T7HmB4', 0),
(429, 'UinVeL', 0),
(430, 'FLXcdP', 0),
(431, 'psRz28', 0),
(432, '4Lk7rT', 0),
(433, 'cX4wok', 0),
(434, 'C7OD0i', 0),
(435, '2p9ziH', 0),
(436, 'fX7Twz', 0),
(437, 'tmzTEk', 0),
(438, 'kmf47p', 0),
(439, 'bjJaOK', 0),
(440, 'sLq8mM', 0),
(441, 'bTUv20', 0),
(442, 'DhLgKj', 0),
(443, 'wP2pNL', 0),
(444, 'hyxND8', 0),
(445, '45ecL2', 0),
(446, 'HUdKwM', 0),
(447, 'AFecdz', 0),
(448, '6kfQX7', 0),
(449, 'csIn1T', 0),
(450, '4Cpwcm', 0),
(451, 'HByfWD', 0),
(452, 'o1PzBJ', 0),
(453, 'ZOMjhA', 0),
(454, 'aLnByR', 0),
(455, 'i9Fx2D', 0),
(456, 'vhCxal', 0),
(457, 'UkSQPj', 0),
(458, 'PwN6Yk', 0),
(459, 'cdpUas', 0),
(460, '8iNZe1', 0),
(461, 'aZDBVA', 0),
(462, 'M6GDYL', 0),
(463, 'bK5MQW', 0),
(464, 'Vh73AB', 0),
(465, 'HQJVPy', 0),
(466, 'dUwAYn', 0),
(467, 'JNrfp4', 0),
(468, '2wkrEO', 0),
(469, 'DgPqhc', 0),
(470, 'DKYl4b', 0),
(471, 'D1T2wg', 0),
(472, '8qGhJg', 0),
(473, '9FAWZM', 0),
(474, 'zp5vKI', 0),
(475, 'Wz6qCQ', 0),
(476, 'W05KtP', 0),
(477, '2WLPtv', 0),
(478, 'nLIAQN', 0),
(479, 'qNLQk7', 0),
(480, 'PcMEl8', 0),
(481, '4y2v6n', 0),
(482, '8uCNOL', 0),
(483, 'O5ZEzQ', 0),
(484, 'LdfPHx', 0),
(485, 'ZirU45', 0),
(486, 'ln2QfM', 0),
(487, 'WP4t0x', 0),
(488, 'dusJBL', 0),
(489, 'Rumrb7', 0),
(490, 'S47re6', 0),
(491, '4NTmc7', 0),
(492, 'jiqvXW', 0),
(493, 'Dsp53c', 0),
(494, 'AKiT25', 0),
(495, 'Lr042K', 0),
(496, 'n2ICQx', 0),
(497, 'KqGN3j', 0),
(498, 'V3gLfy', 0),
(499, 'IZtpHe', 0),
(500, 'n6fK5V', 0),
(501, 'oOW4Ac', 0),
(502, '9mIAtN', 0),
(503, 'TzAq7h', 0),
(504, 'rEixlX', 0),
(505, 'ugvYBD', 0),
(506, 'FrQmje', 0),
(507, 'jVA7c3', 0),
(508, 'k3qFJe', 0),
(509, 'ikWpf0', 0),
(510, '9nsy2c', 0),
(511, 'pNkOyY', 0),
(512, 'j12Yge', 0),
(513, '2G3wTl', 0),
(514, 'zWTC3H', 0),
(515, 'cOQXar', 0),
(516, '5sNvy0', 0),
(517, 'CsGY0B', 0),
(518, 'sB3z4Z', 0),
(519, 'jKhznl', 0),
(520, 'if4163', 0),
(521, 'DrExVv', 0),
(522, '9p5rGD', 0),
(523, 'irYyRM', 0),
(524, 'SW0p7l', 0),
(525, 'qZ3lUm', 0),
(526, 'cIG5dr', 0),
(527, 'rDkw6d', 0),
(528, 'kUxtWN', 0),
(529, 'OL5ZjI', 0),
(530, '7vlnId', 0),
(531, 'bfNH1R', 0),
(532, 'KH0saj', 0),
(533, 'dukojM', 0),
(534, 'Vie5YZ', 0),
(535, '1RhOFY', 0),
(536, 'dvNaLF', 0),
(537, 'QM8Cki', 0),
(538, 'UuGvcp', 0),
(539, 'fJIAnx', 0),
(540, 'XAWgh6', 0),
(541, 'CEaokc', 0),
(542, 'zUYLgo', 0),
(543, 'B6IsiJ', 0),
(544, 'Ikq2LQ', 0),
(545, 'D6GxZC', 0),
(546, 'QpbcXN', 0),
(547, 'QR1GVC', 0),
(548, 'gQpn96', 0),
(549, 'aCTIRm', 0),
(550, 'JI5NR1', 0),
(551, 'MdvjzI', 0),
(552, '6pNfLc', 0),
(553, 'lox9fs', 0),
(554, '7clqzy', 0),
(555, 'lQ7v8a', 0),
(556, 'kEjKST', 0),
(557, 'ypuwUe', 0),
(558, '0VDQkO', 0),
(559, 'JLjlFD', 0),
(560, 'AGqNye', 0),
(561, 'mwzQBY', 0),
(562, 'ydIHBZ', 0),
(563, 'Xxi0Zg', 0),
(564, 'EIRYeu', 0),
(565, 'fnFWMX', 0),
(566, '4ItC5b', 0),
(567, 'REwjLq', 0),
(568, 'RLuOXw', 0),
(569, 'A2NnEG', 0),
(570, '62Akj4', 0),
(571, 'Sxmf92', 0),
(572, 'CJhkrV', 0),
(573, 'GsaOjb', 0),
(574, '4G3frk', 0),
(575, 'FjWeC9', 0),
(576, 'wyq5Dg', 0),
(577, 'lThku0', 0),
(578, 'Vj7tfr', 0),
(579, '6oxc7q', 0),
(580, 'EDbLTZ', 0),
(581, 'GVmHQI', 0),
(582, 'IJqkoH', 0),
(583, '6p3GYg', 0),
(584, 'h3MWpm', 0),
(585, '6qLBOI', 0),
(586, 'lnWXb1', 0),
(587, 'FoYNqu', 0),
(588, 'n8H1CW', 0),
(589, 'kB7JFP', 0),
(590, '4KM5SU', 0),
(591, 'ILCs5u', 0),
(592, '2RwYLT', 0),
(593, '6MxWaK', 0),
(594, 'FHDARV', 0),
(595, 'uiN9pf', 0),
(596, '7Ea6kd', 0),
(597, 'jA5fYw', 0),
(598, 'RnPBZM', 0),
(599, 'CctRjF', 0),
(600, '8yQjVM', 0),
(601, 'm2t5jO', 0),
(602, '3BEHw0', 0),
(603, 'nhZtqs', 0),
(604, 'UVAyPn', 0),
(605, '53YfjS', 0),
(606, 't1Tske', 0),
(607, 'qONn31', 0),
(608, 'KdjFfr', 0),
(609, 'kNVFgP', 0),
(610, '9wnltz', 0),
(611, 'mE1QcM', 0),
(612, 'o01BJg', 0),
(613, 'vM0I5e', 0),
(614, 'taW9CZ', 0),
(615, 'MG60gW', 0),
(616, 'y3tAxN', 0),
(617, 'SnkKb5', 0),
(618, 'ZUogc6', 0),
(619, 'wXon7K', 0),
(620, 'hl7iwu', 0),
(621, '4Ib9AM', 0),
(622, 'b1HewW', 0),
(623, 'JemlH9', 0),
(624, 'AfP9mp', 0),
(625, 'gTnL0F', 0),
(626, 'moUkr6', 0),
(627, 'VOonzU', 0),
(628, 'vpiJqR', 0),
(629, 'fPkSqO', 0),
(630, 'mEMSlL', 0),
(631, 'pOYPxg', 0),
(632, 'JxlAgr', 0),
(633, 'CpXidx', 0),
(634, 'o7v4DC', 0),
(635, 'ontcXk', 0),
(636, 'VF1z64', 0),
(637, 'oME94g', 0),
(638, 'LM45AB', 0),
(639, '523GcV', 0),
(640, 'b5BUHk', 0),
(641, 'ovkrFE', 0),
(642, '53F09d', 0),
(643, 'X1iAjJ', 0),
(644, 'xWRQui', 0),
(645, 'mazZfw', 0),
(646, 'wKFoaZ', 0),
(647, 'FDKBun', 0),
(648, 'nbGKWM', 0),
(649, 'SkGb0L', 0),
(650, 'ym4W20', 0),
(651, 'UKbNdo', 0),
(652, 'OQ7hJR', 0),
(653, 'jSwip9', 0),
(654, 'HifZxF', 0),
(655, '3UoAJY', 0),
(656, 'nOGh41', 0),
(657, 'FDX5jO', 0),
(658, 'HyChI6', 0),
(659, 'j9YDvi', 0),
(660, 'dHf5ci', 0),
(661, 'AZ9Cqm', 0),
(662, 'sNLEtq', 0),
(663, '5kUHAC', 0),
(664, 'Obtro6', 0),
(665, 'h8KscJ', 0),
(666, 'm6vbhD', 0),
(667, 'yqHGYj', 0),
(668, 'Lq2jU4', 0),
(669, 'sbR30Z', 0),
(670, 'faDorV', 0),
(671, 'XPsL7Y', 0),
(672, 'xpq6CK', 0),
(673, '3tcldY', 0),
(674, 'uKO9A6', 0),
(675, 'cf3tVW', 0),
(676, 'MXG7vz', 0),
(677, 'ctFi1Z', 0),
(678, 'HULTvn', 0),
(679, 'fqF5SY', 0),
(680, 'BMwq3t', 0),
(681, 'ZpSk6j', 0),
(682, 'FC6Zbz', 0),
(683, '0CsKuO', 0),
(684, 'euLcXE', 0),
(685, 'cQEg6y', 0),
(686, 'dgByQe', 0),
(687, '5HmuYj', 0),
(688, 'RCeOG0', 0),
(689, '8CM1Zy', 0),
(690, 'IpLXBN', 0),
(691, 'daXNEr', 0),
(692, 'WlTJ7w', 0),
(693, 'ps3eCy', 0),
(694, 'ks9BbP', 0),
(695, 'ENcjiF', 0),
(696, 'pJOA12', 0),
(697, 'f7yEZj', 0),
(698, 'QmoiM5', 0),
(699, 'vl1z4t', 0),
(700, '0iZfU7', 0),
(701, 'Yp3lig', 0),
(702, 'gAC5Zw', 0),
(703, 'pg8Q5K', 0),
(704, 'VODGrK', 0),
(705, 'Qmx4ur', 0),
(706, 'z0pobt', 0),
(707, '2sKqFb', 0),
(708, 'CABhnx', 0),
(709, 'B1f0jA', 0),
(710, 'YSsIcN', 0),
(711, 'goQnvL', 0),
(712, 'Ede7CN', 0),
(713, 'nhutpG', 0),
(714, '7XJ1Pv', 0),
(715, 'Hv8WTo', 0),
(716, 'R6LYjG', 0),
(717, 'owSrE3', 0),
(718, 'kfFYWU', 0),
(719, 'opJMxC', 0),
(720, 'QsXmDR', 0),
(721, 'PvwQhd', 0),
(722, '3baMS6', 0),
(723, '9Pd4GW', 0),
(724, '3CmYIV', 0),
(725, 'oqbD8L', 0),
(726, 'KJpuEy', 0),
(727, '6vLP3J', 0),
(728, 'U5RGag', 0),
(729, 'rH8xSz', 0),
(730, 'sUCt2P', 0),
(731, 'F3NKVe', 0),
(732, 'fNGi6A', 0),
(733, 'NEvwdB', 0),
(734, 'fsF07u', 0),
(735, '4rJWPk', 0),
(736, '08kRcY', 0),
(737, 'suh71T', 0),
(738, 'KTgbEu', 0),
(739, 'VNPhr9', 0),
(740, 'PdFNHC', 0),
(741, 'kJ6VnG', 0),
(742, '0MbxIJ', 0),
(743, 'GFWQad', 0),
(744, '6uBTLN', 0),
(745, 'SGgZlK', 0),
(746, '2X6sBy', 0),
(747, 'qROFAT', 0),
(748, 'UFSbQO', 0),
(749, 'FcekMb', 0),
(750, 'rc1T4K', 0),
(751, 'i8BRgY', 0),
(752, 'gwFumq', 0),
(753, 'XUJ4BF', 0),
(754, '9tHNuY', 0),
(755, '0Hu6xQ', 0),
(756, 'alDIkK', 0),
(757, 'PjwWkL', 0),
(758, 'QDx20l', 0),
(759, 'wpkJPa', 0),
(760, 'Spre7z', 0),
(761, 'GnhR0e', 0),
(762, 'uGh35H', 0),
(763, 'pUOfGX', 0),
(764, 'yY5mVO', 0),
(765, 'JPrCwO', 0),
(766, 'lGvVot', 0),
(767, 'X50Cy4', 0),
(768, 'jzveY1', 0),
(769, 'UDbClt', 0),
(770, 'CYAOtH', 0),
(771, 'i3rv75', 0),
(772, 'uSt6Hb', 0),
(773, '43gjEs', 0),
(774, 'VrRwSZ', 0),
(775, 'G83jkX', 0),
(776, 'ecIKtR', 0),
(777, '4qT8xh', 0),
(778, 'I4MjKl', 0),
(779, 'b4DyGH', 0),
(780, 'GD4P12', 0),
(781, 'Gx9HJo', 0),
(782, 'R8PJaX', 0),
(783, 'Uw4DYo', 0),
(784, 'h97H1J', 0),
(785, 'HGDxek', 0),
(786, 'ez9Dvq', 0),
(787, 'XeyCHW', 0),
(788, 'dFNKCq', 0),
(789, 'rpZTDj', 0),
(790, 'e7zjSO', 0),
(791, 'T1ylek', 0),
(792, 'YziApS', 0),
(793, 'WU9Cwo', 0),
(794, 'PJZCqB', 0),
(795, 'imx02X', 0),
(796, '9YNQ54', 0),
(797, 'SNudG8', 0),
(798, 'ZAt7j6', 0),
(799, 'HaAx7h', 0),
(800, 'c2JNkR', 0),
(801, 'Ht6Ss3', 0),
(802, 'LFoqM8', 0),
(803, 'izZ4EF', 0),
(804, 'BnVfUH', 0),
(805, 'HofntT', 0),
(806, 'iQ9DRP', 0),
(807, 'ofVRWC', 0),
(808, 'sPqIM3', 0),
(809, 'xTUg9h', 0),
(810, 'eQvdpC', 0),
(811, 'DGQ0zj', 0),
(812, 'dlqfEt', 0),
(813, 'hdzZ1r', 0),
(814, 'lueXwA', 0),
(815, 'yMGHr8', 0),
(816, 'O1EomA', 0),
(817, 'OuNGDp', 0),
(818, 'V7EXL6', 0),
(819, 'XxEfBk', 0),
(820, 'uWnda0', 0),
(821, 'UCrI9V', 0),
(822, 'bltncG', 0),
(823, 'GNj1pw', 0),
(824, 'qw7iGF', 0),
(825, 'zgrRIP', 0),
(826, '4EsZd6', 0),
(827, '9BKxMf', 0),
(828, '5Ch0rX', 0),
(829, 'eOSdQ0', 0),
(830, 'vB70Pn', 0),
(831, 'dNTsiH', 0),
(832, 'im0opK', 0),
(833, 'jXKyCk', 0),
(834, 'Wbl9ip', 0),
(835, '0WBtfj', 0),
(836, 'kfF1gn', 0),
(837, 'IktgZE', 0),
(838, 'eHJFYM', 0),
(839, 'GxnXvF', 0),
(840, '3L1TaD', 0),
(841, 'rCZcbn', 0),
(842, '97uB8e', 0),
(843, '6eCUpl', 0),
(844, 'tprB2e', 0),
(845, 'doWvb7', 0),
(846, 'emrFBK', 0),
(847, 'ct2Aq7', 0),
(848, 'ql5ecP', 0),
(849, 'TnEHvc', 0),
(850, 'cDh4K6', 0),
(851, 'lDG90K', 0),
(852, '0Acn7L', 0),
(853, 'KrOjbH', 0),
(854, '0sD6Ez', 0),
(855, 'lfQC9H', 0),
(856, '4rgekU', 0),
(857, 'mxW0Jh', 0),
(858, 'pOTzfR', 0),
(859, '8xKF93', 0),
(860, 'zIEkhw', 0),
(861, 'nyxqcF', 0),
(862, '9mBF1C', 0),
(863, 'Srt09e', 0),
(864, 'PhxKc5', 0),
(865, 'E1cTxX', 0),
(866, 'bUJRs7', 0),
(867, 'WcjQTu', 0),
(868, 'BJiyg2', 0),
(869, 'bWNwm5', 0),
(870, 'uSmwYO', 0),
(871, 'lxKiVc', 0),
(872, 'LJqcx9', 0),
(873, 'Fxkj7T', 0),
(874, '9vj1Bf', 0),
(875, 'g2DzhR', 0),
(876, 'RTPJyc', 0),
(877, 'RdxoJi', 0),
(878, '6oPS9C', 0),
(879, 'rZfvw7', 0),
(880, 'wz2jP5', 0),
(881, 'VjGSlK', 0),
(882, '7EMg13', 0),
(883, 'Thdyzb', 0),
(884, 'cQ2z59', 0),
(885, 'hYDm19', 0),
(886, '2rLbFl', 0),
(887, 'n6RoyA', 0),
(888, '85vJw7', 0),
(889, 'DiFj8o', 0),
(890, 'Zr12Wd', 0),
(891, 'cAWwRv', 0),
(892, 'XFW9Nq', 0),
(893, '2LHvqQ', 0),
(894, 'EdwX4f', 0),
(895, 'U3w0X8', 0),
(896, 'O8wIpq', 0),
(897, 'dLImA1', 0),
(898, 'HL7S2X', 0),
(899, 'ElnCrx', 0),
(900, '2TcOmh', 0),
(901, 'eOmIqx', 0),
(902, 'ZGp8uq', 0),
(903, 'iQ3yZA', 0),
(904, 'mRCLFV', 0),
(905, 'ZTNymf', 0),
(906, 'ZWbEmS', 0),
(907, 'Egjsm7', 0),
(908, 'l504Ij', 0),
(909, '9dhIVi', 0),
(910, 'XiY7QS', 0),
(911, 'tAx9l2', 0),
(912, 'B5MUZn', 0),
(913, 'tcz4AI', 0),
(914, 'KjWhUB', 0),
(915, '8dCwJl', 0),
(916, 'EiRogJ', 0),
(917, 'qpYg5V', 0),
(918, 'chuSaL', 0),
(919, 'a0sLzO', 0),
(920, 'E4b51q', 0),
(921, 'aIs3Z8', 0),
(922, 'JL9K6f', 0),
(923, 'SFeZL4', 0),
(924, 'Ts9AvG', 0),
(925, '9RHIiv', 0),
(926, 'bClF34', 0),
(927, 'HC3NBr', 0),
(928, 'WfoLzJ', 0),
(929, 'UsN9pb', 0),
(930, '3KZxYg', 0),
(931, 'YXqAGF', 0),
(932, '3evoyf', 0),
(933, '82oBMF', 0),
(934, 'IshxQE', 0),
(935, 'IzHY0h', 0),
(936, 'As5ftE', 0),
(937, 'GuCb5c', 0),
(938, 'BnMOxG', 0),
(939, 'ysbuEv', 0),
(940, 'jAg6yb', 0),
(941, '081OSC', 0),
(942, 's7GjbK', 0),
(943, 'sIcyFl', 0),
(944, 't9ec8z', 0),
(945, '5C0L9n', 0),
(946, 'GSsdnw', 0),
(947, 'w3MLE5', 0),
(948, 'L2Dan6', 0),
(949, '1fcYRd', 0),
(950, 'jHDgY8', 0),
(951, 'H7S2fA', 0),
(952, 'cHDTkr', 0),
(953, '3SQKfJ', 0),
(954, 'bvYP3p', 0),
(955, 'bsBv1E', 0),
(956, '8cwd6l', 0),
(957, 'dQzTmq', 0),
(958, 'jkvbS6', 0),
(959, 'Cm6UXM', 0),
(960, 'BGKpJL', 0),
(961, 'zZg6He', 0),
(962, 'hAHdVP', 0),
(963, '5Srjic', 0),
(964, 'EbLor7', 0),
(965, 'lod7wz', 0),
(966, 'yRD9im', 0),
(967, '5XT7lp', 0),
(968, 'CQPRhz', 0),
(969, 'rsDgve', 0),
(970, 'GuyVp3', 0),
(971, 'YTdpHl', 0),
(972, 'QdbZpr', 0),
(973, 'xbvDBC', 0),
(974, 'IHs761', 0),
(975, 'JhH25c', 0),
(976, 'YrmzWx', 0),
(977, 'SPVJgM', 0),
(978, 'dqACPN', 0),
(979, 'twMsZf', 0),
(980, 'bCP0wg', 0),
(981, 'aEWurT', 0),
(982, 'kVsWd2', 0),
(983, 'QLkEl7', 0),
(984, 'mU3E5W', 0),
(985, 'hQ5i9R', 0),
(986, 'IKAqYm', 0),
(987, 'xX5WYu', 0),
(988, 'jgeZOJ', 0),
(989, 'abz1Y9', 0),
(990, 'Xt8Mvu', 0),
(991, 'kCNo8f', 0),
(992, 'E4Qbof', 0),
(993, 'uMGlZW', 0),
(994, 'VQT7bf', 0),
(995, 'LW3fJA', 0),
(996, 'pWQucD', 0),
(997, 'Y6TPNx', 0),
(998, 'bZ5AWK', 0),
(999, 'PAJabG', 0),
(1000, 'pHdBZk', 0),
(1001, 'y5HFc4', 0),
(1002, 'cSEJ4q', 0),
(1003, 'xlQ5Go', 0),
(1004, '0RBU2W', 0),
(1005, 'FN0U96', 0),
(1006, 'Oj74VZ', 0),
(1007, 'kqzVeg', 0),
(1008, 'XlocFU', 0),
(1009, 'd59nD3', 0),
(1010, '8gXGRI', 0),
(1011, 'EX9FlB', 0),
(1012, 'AFOnCg', 0),
(1013, 'gTA3XZ', 0),
(1014, 'oWf67X', 0),
(1015, 'XDVeYI', 0),
(1016, 'tvmnJR', 0),
(1017, 'y8iNXS', 0),
(1018, 'kXfTpx', 0),
(1019, 'AHXSGK', 0),
(1020, 'NQbTG0', 0),
(1021, 'OXIuwN', 0),
(1022, '4wikFC', 0),
(1023, '2dGQjC', 0),
(1024, 'VQKNTP', 0),
(1025, 'h5tUbl', 0),
(1026, 'U7Rr6q', 0),
(1027, 'iH63Tp', 0),
(1028, '29CGZh', 0),
(1029, '7TEqg1', 0),
(1030, 'DapWEN', 0),
(1031, '7QUb30', 0),
(1032, 'qGu01a', 0),
(1033, 'svRfuj', 0),
(1034, '8EGa70', 0),
(1035, 'NGLyTq', 0),
(1036, 'kfznMQ', 0),
(1037, 'KRbBry', 0),
(1038, 'ipRanx', 0),
(1039, 'Zp1ioJ', 0),
(1040, 'If4RdF', 0),
(1041, 'hZfD34', 0),
(1042, 'HvjDLI', 0),
(1043, 'YFanbD', 0),
(1044, 'j3HQhf', 0),
(1045, 'J8Eqmc', 0),
(1046, 'bOH32J', 0),
(1047, 'Sh7giZ', 0),
(1048, 'd5yCqk', 0),
(1049, 'RS9PQa', 0),
(1050, 'koXNYE', 0),
(1051, 'khn6OB', 0),
(1052, 'DiAd9m', 0),
(1053, 'NZlRHg', 0),
(1054, 'wIn3Lv', 0),
(1055, 'sYoAUO', 0),
(1056, 'UPeqpt', 0),
(1057, 'HRzDgi', 0),
(1058, 'izboNe', 0),
(1059, '7kSn80', 0),
(1060, 'eY85oz', 0),
(1061, 'tIp8Ze', 0),
(1062, 'djDEG6', 0),
(1063, 'EKgn7b', 0),
(1064, 'xNRz6W', 0),
(1065, 'idy1PH', 0),
(1066, 'LZAxSE', 0),
(1067, 'q9vYLS', 0),
(1068, 'pFPiXz', 0),
(1069, 'kz8UZR', 0),
(1070, 's1PqaL', 0),
(1071, 'S96hkD', 0),
(1072, 'HdtGBx', 0),
(1073, 'LjMpTY', 0),
(1074, 'aKUefd', 0),
(1075, 'erDjFL', 0),
(1076, 'guhjdR', 0),
(1077, 'WwhcMf', 0),
(1078, 'icfVHx', 0),
(1079, 'KTnfla', 0),
(1080, 'BehDOq', 0),
(1081, 'MiyCE4', 0),
(1082, 'EpHXOY', 0),
(1083, 'EP1nTS', 0),
(1084, 'pDJdo8', 0),
(1085, 'jvQHRf', 0),
(1086, 'K8n0eu', 0),
(1087, '8sidHw', 0),
(1088, 'Clazvo', 0),
(1089, 'oRvcqN', 0),
(1090, 'eCd3ZE', 0),
(1091, 'OBzASn', 0),
(1092, '2R0kL1', 0),
(1093, 'eqta59', 0),
(1094, 'whKBsG', 0),
(1095, 'xLzchm', 0),
(1096, '2OFEmX', 0),
(1097, 'KgEbLa', 0),
(1098, '39Ykbo', 0),
(1099, 'OT4Gl7', 0),
(1100, 'aokzrC', 0),
(1101, 'u9RlI2', 0),
(1102, 'a5eHjM', 0),
(1103, '40JMvo', 0),
(1104, 'ioCgEN', 0),
(1105, 'EkjheJ', 0),
(1106, 'o3WdPp', 0),
(1107, 'OrgXi6', 0),
(1108, 'xgUZEM', 0),
(1109, 'RYeqcK', 0),
(1110, 'XLj5iK', 0),
(1111, 'lpIwyt', 0),
(1112, 'W0eHBu', 0),
(1113, 'XgLWv4', 0),
(1114, 's8XwlJ', 0),
(1115, 'BTcMEF', 0),
(1116, 'cuM9xh', 0),
(1117, '6Pf4DO', 0),
(1118, 'ygfBie', 0),
(1119, 's6vBk3', 0),
(1120, 'taOZ5Q', 0),
(1121, 'McCNtp', 0),
(1122, 'Ry9zxG', 0),
(1123, 'oLnQB6', 0),
(1124, 'QXefiV', 0),
(1125, 'FTvcmi', 0),
(1126, 'cAxpsM', 0),
(1127, '6qpeRh', 0),
(1128, 'w6GmzC', 0),
(1129, 'xThsqP', 0),
(1130, 'Bcwfah', 0),
(1131, 'cKnRTV', 0),
(1132, 'aRZYqB', 0),
(1133, 'ih0Zju', 0),
(1134, 'Gcl4W6', 0),
(1135, '0SiBJU', 0),
(1136, 'mfJkMK', 0),
(1137, '2XKWOD', 0),
(1138, 'y4IwzR', 0),
(1139, 'lQ0Gvk', 0),
(1140, 'cSjnrB', 0),
(1141, 'yL7ADE', 0),
(1142, 't7GvKT', 0),
(1143, 'lGhiR7', 0),
(1144, '387xb1', 0),
(1145, 'GJ3EQW', 0),
(1146, 'PjVdz5', 0),
(1147, 'ywDh7X', 0),
(1148, '9ayg8W', 0),
(1149, 'Fqbkns', 0),
(1150, 'ZtygFl', 0),
(1151, 'evYoxg', 0),
(1152, 'bqkXyl', 0),
(1153, 'DYLuPo', 0),
(1154, 'cOK2UN', 0),
(1155, '0p6KYW', 0),
(1156, '5eQWrZ', 0),
(1157, 'snUI3q', 0),
(1158, 'irSm0F', 0),
(1159, 'bVRxyN', 0),
(1160, 'NKIpBy', 0),
(1161, 'ilcHxR', 0),
(1162, 'cySr91', 0),
(1163, '8mgZXB', 0),
(1164, 'zMPniT', 0),
(1165, '3GprmX', 0),
(1166, 'zSrLVw', 0),
(1167, 'e6B3Cy', 0),
(1168, 'KtdPNh', 0),
(1169, '1EYbWf', 0),
(1170, 'gJ3pUn', 0),
(1171, 't5eOMy', 0),
(1172, '30SsnX', 0),
(1173, 'srWCjd', 0),
(1174, 'NGDLby', 0),
(1175, 'cidE8r', 0),
(1176, 'rCVKHm', 0),
(1177, 't4MHu3', 0),
(1178, '8fGwaC', 0),
(1179, 'Wys3uV', 0),
(1180, 'UVEvG0', 0),
(1181, '8p3tk1', 0),
(1182, 'ymEStD', 0),
(1183, 'URBzPW', 0),
(1184, 'vNUt5G', 0),
(1185, 'Dk56MN', 0),
(1186, 'YGg6L5', 0),
(1187, '7bQNEp', 0),
(1188, 'GQHfMb', 0),
(1189, 'kMzPLt', 0),
(1190, 'Efm4uC', 0),
(1191, 'ctCfVa', 0),
(1192, 'AntUXl', 0),
(1193, 'Hqr7xW', 0),
(1194, 'oAlPKh', 0),
(1195, 'J2vRVq', 0),
(1196, 'GwD2zP', 0),
(1197, '9aDOiq', 0),
(1198, '12oDMR', 0),
(1199, '2TXfjV', 0),
(1200, 'RHO2SZ', 0),
(1201, 'jZWaVh', 0),
(1202, '84fmte', 0),
(1203, 'OQiHU8', 0),
(1204, 'cxiqLo', 0),
(1205, 'oim0sD', 0),
(1206, 'LjrSC9', 0),
(1207, '5N96bP', 0),
(1208, 'PMDCXo', 0),
(1209, 'z8U6hT', 0),
(1210, 'a8EC4L', 0),
(1211, 'Dni5gB', 0),
(1212, 'ryiF9k', 0),
(1213, 'YysqxD', 0),
(1214, 'CKQYZs', 0),
(1215, 'w64c0K', 0),
(1216, '8fjMJU', 0),
(1217, '3J2GOX', 0),
(1218, 'niIOAW', 0),
(1219, '1kPRFm', 0),
(1220, 'gnihla', 0),
(1221, '4MRElK', 0),
(1222, 'nyMO64', 0),
(1223, '5M0qfL', 0),
(1224, 'uq84Oy', 0),
(1225, '6oxLXl', 0),
(1226, 'JGCWdH', 0),
(1227, 'DjVusy', 0),
(1228, 'KzqQG6', 0),
(1229, 'CWsGx7', 0),
(1230, 'M2EreP', 0),
(1231, 'lKkITA', 0),
(1232, 'dEU3uR', 0),
(1233, '9PW6No', 0),
(1234, 'yHuXSI', 0),
(1235, 'krupMa', 0),
(1236, '4HYMsX', 0),
(1237, 'G0rmyu', 0),
(1238, '6xWtY2', 0),
(1239, 'FAKwjM', 0),
(1240, '6dge7M', 0),
(1241, 'uZsJBV', 0),
(1242, 'D7gJ95', 0),
(1243, 'zk2PUI', 0),
(1244, '8FtvZP', 0),
(1245, 'dt2z0b', 0),
(1246, 'OImcrB', 0),
(1247, 'Z6HcQk', 0),
(1248, 'yK9jqR', 0),
(1249, 'I5r8lb', 0),
(1250, 'u3lDfp', 0),
(1251, 'kOuPVC', 0),
(1252, 'uRpYD7', 0),
(1253, '8VMo0f', 0),
(1254, '6EgXa0', 0),
(1255, 'DRaAFh', 0),
(1256, '8uYLwM', 0),
(1257, 'GpH29N', 0),
(1258, '7mX9kr', 0),
(1259, 'n0CJsv', 0),
(1260, 'dpzGUm', 0),
(1261, '5fWiOA', 0),
(1262, 'BY7CZd', 0),
(1263, 'SzPMoq', 0),
(1264, 'xwL4uB', 0),
(1265, 'AmIwg3', 0),
(1266, 'eJFfYr', 0),
(1267, 'Rfj2Qq', 0),
(1268, 'Z5IyoX', 0),
(1269, '9O24Wr', 0),
(1270, 'bSTPc8', 0),
(1271, 'Rlcsfr', 0),
(1272, 'kmiAxN', 0),
(1273, 'XQAPFK', 0),
(1274, '2x0Xr4', 0),
(1275, 'g6GTkY', 0),
(1276, 'tf05qz', 0),
(1277, 'qSpMFd', 0),
(1278, 'LBiYJO', 0),
(1279, '30XiqA', 0),
(1280, 'yJWIEO', 0),
(1281, 'ocypR4', 0),
(1282, 'jNmyTY', 0),
(1283, '0PYwTU', 0),
(1284, 'Du9s8P', 0),
(1285, 'CnKXgW', 0),
(1286, '3d4jvq', 0),
(1287, 'w5ZHUY', 0),
(1288, 'TvsYkc', 0),
(1289, '8J2z7b', 0),
(1290, 'D4ctEC', 0),
(1291, 'GiOWS1', 0),
(1292, 'pKhXZT', 0),
(1293, '6uovwm', 0),
(1294, 'KMjqCF', 0),
(1295, 'qkeyDL', 0),
(1296, 'G3CVWu', 0),
(1297, 'c1G2sl', 0),
(1298, 'UInqDu', 0),
(1299, 'rlQ4BJ', 0),
(1300, 'zJN9MX', 0),
(1301, 'yNZYKG', 0),
(1302, 'dsk2me', 0),
(1303, 'v8PXzr', 0),
(1304, 'AKoiSJ', 0),
(1305, 'Eujz8A', 0),
(1306, 'QWFj9J', 0),
(1307, 'L0wptU', 0),
(1308, 'rAb5ny', 0),
(1309, 'dQGj5M', 0),
(1310, 'RzXrf0', 0),
(1311, 'tgL5OR', 0),
(1312, 'NsLB2F', 0),
(1313, 'h8WE3g', 0),
(1314, 'DACc2L', 0),
(1315, '3cdaPB', 0),
(1316, 'pQWkh1', 0),
(1317, 'F8XfIv', 0),
(1318, 'UWMrFT', 0),
(1319, 'wFM8kI', 0),
(1320, 'HlJqwc', 0),
(1321, 'Sb1qYx', 0),
(1322, 'tnRrS5', 0),
(1323, 'vRTZFH', 0),
(1324, '1LuZFC', 0),
(1325, 'U2zyHF', 0),
(1326, 'nFIMdW', 0),
(1327, 'LFPSYR', 0),
(1328, '98qPs5', 0),
(1329, 'czFJXe', 0),
(1330, 'ERgu48', 0),
(1331, 'Y3A4Lz', 0),
(1332, 'zx2gGy', 0),
(1333, 'MKe5f8', 0),
(1334, 'W251qU', 0),
(1335, 'fpZy0j', 0),
(1336, '87Q4fs', 0),
(1337, 'MuW01b', 0),
(1338, '32V6uQ', 0),
(1339, 'FayKnr', 0),
(1340, 'DhloEq', 0),
(1341, 'X8GnQA', 0),
(1342, 'eWE1sO', 0),
(1343, '7vI13x', 0),
(1344, 'uNP9sl', 0),
(1345, 'Ws2lcB', 0),
(1346, '6YzfVj', 0),
(1347, 'bMf7HA', 0),
(1348, 'ZFxoe9', 0),
(1349, 'mufhZQ', 0),
(1350, 'H6Wzdj', 0),
(1351, 'OIvqd7', 0),
(1352, 'jNCGy5', 0),
(1353, 'hn7yxU', 0),
(1354, 'ac6WVg', 0),
(1355, 'DSMXvw', 0),
(1356, 'mACgSX', 0),
(1357, 'DsGkSB', 0),
(1358, 'apQvDk', 0),
(1359, 'e8Ir1t', 0),
(1360, 'TMQzdX', 0),
(1361, 'ch7vK2', 0),
(1362, 'kSYOyu', 0),
(1363, 'Dt7cnR', 0),
(1364, 'xfn1rz', 0),
(1365, 'Pq9A5w', 0),
(1366, '5Fbz9M', 0),
(1367, 'N5zJun', 0),
(1368, 'DmUQbq', 0),
(1369, 'ncm890', 0),
(1370, '6dqaXO', 0),
(1371, '9zo0je', 0),
(1372, 'es3I90', 0),
(1373, 'NzcJ9A', 0),
(1374, '5PAoZ8', 0),
(1375, '258jpX', 0),
(1376, 'T1sBko', 0),
(1377, 'tup7Oc', 0),
(1378, '194QP3', 0),
(1379, 'yGqNhD', 0),
(1380, 'mHOcuF', 0),
(1381, 'AkcQYd', 0),
(1382, 'lXd3ay', 0),
(1383, 'y5j0Vi', 0),
(1384, 'zZEBVK', 0),
(1385, 'o3DYZW', 0),
(1386, 'yEbQkf', 0),
(1387, 'nkMz7K', 0),
(1388, 'HtzwVj', 0),
(1389, 'NRfmcG', 0),
(1390, 'b5VAfx', 0),
(1391, 'ShxkYr', 0),
(1392, 'XjMkBh', 0),
(1393, 'BkE7u9', 0),
(1394, 'Mepycx', 0),
(1395, 's3bp4W', 0),
(1396, 'cmBsfT', 0),
(1397, 'GhKQvI', 0),
(1398, 'flPgqa', 0),
(1399, 'Q9cf2p', 0),
(1400, 'yCpi37', 0),
(1401, 'PDj3g2', 0),
(1402, 'Ac0vxh', 0),
(1403, 'svIp4o', 0),
(1404, 'W09oU3', 0),
(1405, 'h6QCFV', 0),
(1406, 'vKtdDi', 0),
(1407, 'XJgi6n', 0),
(1408, '2zksFA', 0),
(1409, 'GbTOku', 0),
(1410, 'Up6gIN', 0),
(1411, 'BJxINU', 0),
(1412, 'ZCtkpY', 0),
(1413, 'WYoTZx', 0),
(1414, 'OWack3', 0),
(1415, 'QbmnSG', 0),
(1416, 'PYLDhB', 0),
(1417, 'rD2MzJ', 0),
(1418, 'JwN6Mq', 0),
(1419, 'PepTLk', 0),
(1420, 'h3ASnH', 0),
(1421, 'L67Duv', 0),
(1422, '8s0qYB', 0),
(1423, 'fhCq8r', 0),
(1424, 'FSsaGb', 0),
(1425, 'Uxeorb', 0),
(1426, 'up1eDY', 0),
(1427, '76r0cn', 0),
(1428, 'PCIuYp', 0),
(1429, 'JWc5Ld', 0),
(1430, 'NWI34S', 0),
(1431, 'b9L8ZJ', 0),
(1432, 'Y4bqlc', 0),
(1433, 'IHoEpA', 0),
(1434, 'gdDexI', 0),
(1435, 'iVUu5O', 0),
(1436, 'xyw7Xo', 0),
(1437, 'muDkUh', 0),
(1438, 'NAqobr', 0),
(1439, 'rBEWHj', 0),
(1440, 'JStR72', 0),
(1441, '6bJ5j1', 0),
(1442, 'fVuwtT', 0),
(1443, 'mK4Sfq', 0),
(1444, 'bNqH2i', 0),
(1445, '7BjbfS', 0),
(1446, 'twrZJd', 0),
(1447, 'V06qkt', 0),
(1448, 'Imr6kL', 0),
(1449, 'hAimwR', 0),
(1450, 'GjO2dp', 0),
(1451, 'E3lLkO', 0),
(1452, '1BgFWx', 0),
(1453, 'G2dg6s', 0),
(1454, 'WZ794F', 0),
(1455, 'M01udw', 0),
(1456, '6N2cZC', 0),
(1457, 'GgM2s9', 0),
(1458, 'YMy4I0', 0),
(1459, 'zxNTBc', 0),
(1460, 'GTopiQ', 0),
(1461, 'mDUzl9', 0),
(1462, 'efDnZG', 0),
(1463, 'ptjKkR', 0),
(1464, 'YDUWI8', 0),
(1465, 'Ujkt78', 0),
(1466, 'yrGg3o', 0),
(1467, 'EBFzpj', 0),
(1468, 'kln2N4', 0),
(1469, 'A70IMD', 0),
(1470, 'gyjcvU', 0),
(1471, 'URVlBT', 0),
(1472, 'GyxZ1Q', 0),
(1473, 'th1Hn5', 0),
(1474, 'fS4xaM', 0),
(1475, 'H80WTQ', 0),
(1476, '5TdD9l', 0),
(1477, '5o2H4w', 0),
(1478, '13ajvV', 0),
(1479, 'b0JVKx', 0),
(1480, 'UERvqB', 0),
(1481, 'iKoExm', 0),
(1482, '2BPbLQ', 0),
(1483, 'n2zow9', 0),
(1484, 's1Lh0a', 0),
(1485, '248EkU', 0),
(1486, 's371NU', 0),
(1487, 'YoE4c7', 0),
(1488, 'GbzNdP', 0),
(1489, 'ypK97Z', 0),
(1490, 'hljSQE', 0),
(1491, 'j6lofh', 0),
(1492, 'UzX1qT', 0),
(1493, 'bdO6hX', 0),
(1494, 'DGSRxX', 0),
(1495, 'CxZ5W7', 0),
(1496, 'L1mwt3', 0),
(1497, 'FGCZ20', 0),
(1498, 'hRTCSw', 0),
(1499, 'gfJmWU', 0),
(1500, 'REUghD', 0),
(1501, 'BnQomM', 0),
(1502, '6K3BUM', 0),
(1503, 'kyO7vc', 0),
(1504, 'fbAuJk', 0),
(1505, 'j4KGna', 0),
(1506, 'SqryR9', 0),
(1507, 'Z0Cqhf', 0),
(1508, 'OklErV', 0),
(1509, '14SsvU', 0),
(1510, 'KsNu9V', 0),
(1511, 'eVxoZ4', 0),
(1512, 'RF9G35', 0),
(1513, 'yZWl2b', 0),
(1514, 'qU4E7Z', 0),
(1515, 'wU8JT9', 0),
(1516, 'rCBd6h', 0),
(1517, 'inxXG1', 0),
(1518, 'dbNAB5', 0),
(1519, '2sgzWr', 0),
(1520, 'Ps7K1k', 0),
(1521, 'IF6bWq', 0),
(1522, 'r851vs', 0),
(1523, 'QrJubA', 0),
(1524, 'rPnyMe', 0),
(1525, 'A2QWt1', 0),
(1526, 'oIPEXJ', 0),
(1527, '1N6opB', 0),
(1528, 'emqoPz', 0),
(1529, 'lbP3qB', 0),
(1530, '5ymUxb', 0),
(1531, 'Yr3Jb1', 0),
(1532, 'LlPu0C', 0),
(1533, '9brJgi', 0),
(1534, 'CoQb3U', 0),
(1535, 'Xwda4P', 0),
(1536, 'F48HrP', 0),
(1537, 'nWG7qx', 0),
(1538, 'JnDMLB', 0),
(1539, 'j5Mi6V', 0),
(1540, 'jEALsF', 0),
(1541, 'bLeQHd', 0),
(1542, 'IBu2C8', 0),
(1543, '7ifYCM', 0),
(1544, '7QbypY', 0),
(1545, 'Skah1Q', 0),
(1546, 'qhjnpv', 0),
(1547, 'h2KeqB', 0),
(1548, 'cvGiok', 0),
(1549, 'M2NRmr', 0),
(1550, 'EASP69', 0),
(1551, 'VxID7c', 0),
(1552, 'XqZEb8', 0),
(1553, 'wF8I3r', 0),
(1554, 'MCEdz4', 0),
(1555, 'ij9dre', 0),
(1556, 'ZpuYjz', 0),
(1557, 'h3fNri', 0),
(1558, 'D6iv5V', 0),
(1559, 'sZumMj', 0),
(1560, 'y0VDA1', 0),
(1561, 'wIh409', 0),
(1562, 'WIxmXR', 0),
(1563, 'HEoT2r', 0),
(1564, 't7dJfB', 0),
(1565, 'OBlqQs', 0),
(1566, 'L8HpUx', 0),
(1567, 'XSLv5w', 0),
(1568, 'CyZRMi', 0),
(1569, 'N3aiVe', 0),
(1570, 'IXpDaU', 0),
(1571, 'mo2TzN', 0),
(1572, 'Wseb8w', 0),
(1573, 'EUpJdB', 0),
(1574, 't6BP2N', 0),
(1575, 'Xq6y3d', 0),
(1576, 'RgGr0d', 0),
(1577, '0oVQEu', 0),
(1578, 'erAOT1', 0),
(1579, 'w52zD3', 0),
(1580, 'EOFNIu', 0),
(1581, 'QEgNZ3', 0),
(1582, 'FvQhRK', 0),
(1583, 'NTgal1', 0),
(1584, 'nS79Ev', 0),
(1585, 'Z4ijGE', 0),
(1586, 'NZ0ihg', 0),
(1587, 'Zgtpib', 0),
(1588, 'MdrP4N', 0),
(1589, 'CGDrLc', 0),
(1590, 'cX1wIr', 0),
(1591, 'XodlT2', 0),
(1592, 'E23A5C', 0),
(1593, 'qFO7y5', 0),
(1594, 'ixe8dI', 0),
(1595, 'R4n01I', 0),
(1596, 'Fr0Nol', 0),
(1597, 'SWEnAC', 0),
(1598, 'g1OBR3', 0),
(1599, 'YPUfm2', 0),
(1600, 'EmeZQq', 0),
(1601, 'RxM0vJ', 0),
(1602, 'Jg6MeH', 0),
(1603, 'jc78de', 0),
(1604, 'yE4PvG', 0),
(1605, '58nC61', 0),
(1606, 'GKnRQa', 0),
(1607, 'Egxv3R', 0),
(1608, '1oUtTp', 0),
(1609, 'shKd6T', 0),
(1610, 'DxUeTd', 0),
(1611, 'XHkKIC', 0),
(1612, 'IWkPR0', 0),
(1613, 'NBuTyM', 0),
(1614, 'Ar6hlf', 0),
(1615, 'Qb9Uqg', 0),
(1616, 'rdSnq5', 0),
(1617, 'n1trvS', 0),
(1618, 'QUGN50', 0),
(1619, 'aUtn6X', 0),
(1620, 'iTuyYj', 0),
(1621, 'C35UYl', 0),
(1622, 'yDENMb', 0),
(1623, 'bTFHzv', 0),
(1624, 'Kw54W7', 0),
(1625, 'E9XJY1', 0),
(1626, 'gbMeJx', 0),
(1627, 'FhcvjI', 0),
(1628, '6uziMq', 0),
(1629, 'DVgzUd', 0),
(1630, '804ucZ', 0),
(1631, 'Foh2nV', 0),
(1632, 'IsvaPQ', 0),
(1633, 'sZBHx2', 0),
(1634, 'zJ6QGI', 0),
(1635, 'CrAl5n', 0),
(1636, 'wGWh5r', 0),
(1637, '4QaN6L', 0),
(1638, 'f21lVe', 0),
(1639, '0CAUR5', 0),
(1640, 'jrew8E', 0),
(1641, 'QurVan', 0),
(1642, '4n31Qu', 0),
(1643, 'cOzom2', 0),
(1644, 'y7e6HE', 0),
(1645, 'FNVXZW', 0),
(1646, 'GIPg40', 0),
(1647, 'jKZMvS', 0),
(1648, 'oDVMSG', 0),
(1649, 'rOXQeM', 0),
(1650, '3L8gMt', 0),
(1651, '7taRpW', 0),
(1652, '9Hhuim', 0),
(1653, 'Vg3Nsf', 0),
(1654, 'eijY5O', 0),
(1655, 'yJ2wGe', 0),
(1656, 'k48tqI', 0),
(1657, 'epVdQ2', 0),
(1658, 'GWHNoR', 0),
(1659, 'L4AaK1', 0),
(1660, 'OnK3Er', 0),
(1661, 'yYfazC', 0),
(1662, 'V8HocR', 0),
(1663, 'ngs7u3', 0),
(1664, '0XiHad', 0),
(1665, 'VDceb0', 0),
(1666, 'nk6gAb', 0),
(1667, '2VsuKr', 0),
(1668, 'UVwfvt', 0),
(1669, 'mD1pRL', 0),
(1670, 'ADC1ms', 0),
(1671, 'CHWvAZ', 0),
(1672, 'kxGQVX', 0),
(1673, 'ilY7zJ', 0),
(1674, 'AM5QvX', 0),
(1675, '1FfGoD', 0),
(1676, 'AZdBki', 0),
(1677, 'BG0qQw', 0),
(1678, 'JdQpWt', 0),
(1679, '65UCps', 0),
(1680, '4pPzo6', 0),
(1681, 'DZYJgX', 0),
(1682, 'IgYHho', 0),
(1683, 'N1jEyD', 0),
(1684, 'EHY7uo', 0),
(1685, 'nS5ABT', 0),
(1686, 'YEoR9s', 0),
(1687, 'KRH9LF', 0),
(1688, 'Cx152o', 0),
(1689, 'b6tFIM', 0),
(1690, 'qu5SzO', 0),
(1691, 'vQjshr', 0),
(1692, '13tUpx', 0),
(1693, '7v9rie', 0),
(1694, 'MkQCWY', 0),
(1695, 'nhjtmg', 0),
(1696, 'Mb2nSG', 0),
(1697, 'jtqrnL', 0),
(1698, 'rXFf1c', 0),
(1699, 'j5RbTy', 0),
(1700, 'qKkaBC', 0),
(1701, 'ckKQjw', 0),
(1702, 'kyVzSZ', 0),
(1703, 'swJnvt', 0),
(1704, 'XMJQFc', 0),
(1705, 'I3ePHJ', 0),
(1706, 'TFWg32', 0),
(1707, '3eGlIo', 0),
(1708, 'lInoVE', 0),
(1709, 'Nb9AyJ', 0),
(1710, 'NHzuea', 0),
(1711, 'AISFC3', 0),
(1712, 'H5x3so', 0),
(1713, 'IhVZ6O', 0),
(1714, 'JjEo6H', 0),
(1715, 'XD4gNz', 0),
(1716, 'u0FpOX', 0),
(1717, 'NnE8jY', 0),
(1718, 'fs1kCW', 0),
(1719, 'xEQBb9', 0),
(1720, 'PFK6ld', 0),
(1721, '3sriVw', 0),
(1722, 'XoVWly', 0),
(1723, '59Qdya', 0),
(1724, 'eiCt6Q', 0),
(1725, 'wNEvAy', 0),
(1726, 'zBS8Ig', 0),
(1727, 'I0Ciyj', 0),
(1728, 'O2kXHd', 0),
(1729, 'YgSzqR', 0),
(1730, 'hCJqGO', 0),
(1731, 'Y1p0EA', 0),
(1732, 'b9SdgR', 0),
(1733, 'LBQVUd', 0),
(1734, 'PptO09', 0),
(1735, 'OY86WU', 0),
(1736, 'FWwziO', 0),
(1737, 'aXh07L', 0),
(1738, 'Qd8ltF', 0),
(1739, 'fymj6Y', 0),
(1740, 'KYS4Fr', 0),
(1741, 'AEnRO6', 0),
(1742, 'PvVMdQ', 0),
(1743, 'IiXbY2', 0),
(1744, 'ageHlI', 0),
(1745, '1iGjBf', 0),
(1746, 'GmNc1H', 0),
(1747, 'N5ZHin', 0),
(1748, 'LQUYbF', 0),
(1749, 'WfYSCt', 0),
(1750, 'Scn6pI', 0),
(1751, 'ZYmKbV', 0),
(1752, 'Vog2WC', 0),
(1753, 'aTZrIf', 0),
(1754, 'lHAESF', 0),
(1755, 'izhmts', 0),
(1756, 'nYevCc', 0),
(1757, '3AXKle', 0),
(1758, 'S1qcBU', 0),
(1759, '2VBuDM', 0),
(1760, '3yYLoV', 0),
(1761, 'LWhiAc', 0),
(1762, '1Zi8Nf', 0),
(1763, 'o1dKbP', 0),
(1764, 'pWb3lU', 0),
(1765, '1Uw0fW', 0),
(1766, 'KLb8cI', 0),
(1767, '0R9j7a', 0),
(1768, 'vFDhMl', 0),
(1769, 'K0y6eq', 0),
(1770, 'AMCOSQ', 0),
(1771, 'vCkZFg', 0),
(1772, 'S3Ur7e', 0),
(1773, 'qLIrWz', 0),
(1774, 'jW9kq2', 0),
(1775, 'VzHmIB', 0),
(1776, '7iUIeY', 0),
(1777, 'KRFoPC', 0),
(1778, 'PfXR3m', 0),
(1779, 'LVW6rd', 0),
(1780, 'u5hSm2', 0),
(1781, 'CFAXHu', 0),
(1782, 'KlYaXV', 0),
(1783, 'LN4WAS', 0),
(1784, 'Xk16cj', 0),
(1785, 'B0SgoL', 0),
(1786, 'ArnmSk', 0),
(1787, 'e1oq3s', 0),
(1788, 'bpDo0A', 0),
(1789, '9ikvXm', 0),
(1790, 'Aru18I', 0),
(1791, 'm6iAZW', 0),
(1792, '06cGB9', 0),
(1793, 'srzjPA', 0),
(1794, 'JLHNXs', 0),
(1795, 'DLm2b5', 0),
(1796, 'iTB4yn', 0),
(1797, 'bsZr8T', 0),
(1798, 'YgnNwF', 0),
(1799, 'XFANSb', 0),
(1800, 'YfXzFO', 0),
(1801, 'LtI23B', 0),
(1802, 'sf7tF4', 0),
(1803, '4g8oDC', 0),
(1804, 'ojMKpt', 0),
(1805, 'TSENnp', 0),
(1806, 'EaTIrl', 0),
(1807, '9xgkW2', 0),
(1808, 'j5bdKm', 0),
(1809, 'qMxAmg', 0),
(1810, 'hBUjtH', 0),
(1811, 'G5zvMA', 0),
(1812, 'PvQD8e', 0),
(1813, 'w9a3Mk', 0),
(1814, '3si0lR', 0),
(1815, 'bWmDT8', 0),
(1816, '2eZhDU', 0),
(1817, 'wzrMI5', 0),
(1818, 'JKNhMw', 0),
(1819, '8fAz1w', 0),
(1820, 'U8QdPX', 0),
(1821, 'Qk4PCJ', 0),
(1822, 'EznVu4', 0),
(1823, 'UuflhA', 0),
(1824, 'UtW6cY', 0),
(1825, 'kN8tPY', 0),
(1826, 'i2vyjY', 0),
(1827, 'h7qSXn', 0),
(1828, 'OnafiL', 0),
(1829, 'HDkiuA', 0),
(1830, 'zsqgyH', 0),
(1831, 'XyV6Df', 0),
(1832, 'HdVXD5', 0),
(1833, '9CzLV0', 0),
(1834, 'lpad0T', 0),
(1835, '6BPmAQ', 0),
(1836, 'vo68YU', 0),
(1837, 'sh3iur', 0),
(1838, '1Z2dt8', 0),
(1839, 'rMHebq', 0),
(1840, 'pn3cwW', 0),
(1841, 'orjHOJ', 0),
(1842, 'zvdFtf', 0),
(1843, '1JBZI2', 0),
(1844, 'gms3kt', 0),
(1845, 'mBQZD2', 0),
(1846, 'ODstqa', 0),
(1847, 'UWYqrg', 0),
(1848, 'SjDpyf', 0),
(1849, 'xBTe9w', 0),
(1850, 'XePvnb', 0),
(1851, 'aQm0qT', 0),
(1852, '2UYrQF', 0),
(1853, 'daITis', 0),
(1854, 'hteFkW', 0),
(1855, 'O5SrcC', 0),
(1856, 'Y3VjWe', 0),
(1857, 'VxjZI2', 0),
(1858, 'iWu1en', 0),
(1859, 'HZFPKo', 0),
(1860, 'FeZbkw', 0),
(1861, '52Gi6k', 0),
(1862, 'lBVmrc', 0),
(1863, 'sm6SwT', 0),
(1864, 'mpXcUC', 0),
(1865, '4Akv8K', 0),
(1866, 'Oyv9RT', 0),
(1867, 'rTtg2k', 0),
(1868, 'u4ON7D', 0),
(1869, '7vzr4E', 0),
(1870, '4WPNhI', 0),
(1871, 'r3OaYn', 0),
(1872, '2p9SAG', 0),
(1873, '0z8ZdS', 0),
(1874, 'dD8y9r', 0),
(1875, 'SlPsWo', 0),
(1876, 'jpo7DJ', 0),
(1877, 'wLaijp', 0),
(1878, 'hNerLK', 0),
(1879, 'pETvRM', 0),
(1880, 'AaLOfC', 0),
(1881, 'OzWwml', 0),
(1882, 'txJQBE', 0),
(1883, '9FCYQg', 0),
(1884, 'jxNk4S', 0),
(1885, 'yDG6pR', 0),
(1886, 'q7KvHA', 0),
(1887, 'IlVPxh', 0),
(1888, 'xQznF2', 0),
(1889, 'SZaM6F', 0),
(1890, 'YSEIM2', 0),
(1891, 't7K4QH', 0),
(1892, 'H20M8s', 0),
(1893, '9K5rwX', 0),
(1894, 'zKD5LS', 0),
(1895, 'np7mAM', 0),
(1896, 'JxFAVc', 0),
(1897, 'WFba3j', 0),
(1898, 'd7t2rP', 0),
(1899, 'InSKNL', 0),
(1900, 'y2LMde', 0),
(1901, 'pJYxdv', 0),
(1902, 'FgKhrG', 0),
(1903, 'NWfz5o', 0),
(1904, 'qDgxS0', 0),
(1905, 'GS6A9h', 0),
(1906, 'Wi9XEa', 0),
(1907, 'el71Ys', 0),
(1908, 'xnoFQP', 0),
(1909, 'CrJoEB', 0),
(1910, '8g2Txp', 0),
(1911, 'jiutPI', 0),
(1912, 'aimcKd', 0),
(1913, 'tyJU7b', 0),
(1914, '0oStNy', 0),
(1915, 'WNV5uH', 0),
(1916, 'HlqjOu', 0),
(1917, 'DlK7af', 0),
(1918, 'jH9lm6', 0),
(1919, 'URHQew', 0),
(1920, 'NOLpmh', 0),
(1921, 'hXNCAf', 0),
(1922, 'Qx3lOD', 0),
(1923, 'Np9muD', 0),
(1924, 'KkJL8G', 0),
(1925, 'KVOdrl', 0),
(1926, 'AXIxr3', 0),
(1927, 'c23EUk', 0),
(1928, 'J3Ul7Y', 0),
(1929, 'NcUFLy', 0),
(1930, 'PTmUYL', 0),
(1931, '6XQV0n', 0),
(1932, 'fDCSRY', 0),
(1933, 'ChYwgx', 0),
(1934, 'UI7rmL', 0),
(1935, 'a4cL2w', 0),
(1936, '0QWxkz', 0),
(1937, 'WZMHlX', 0),
(1938, '3GqZ7t', 0),
(1939, 'yrPAhn', 0),
(1940, 'N7BLXr', 0),
(1941, '6gjvC9', 0),
(1942, 'TjEJsd', 0),
(1943, 'XexGnj', 0),
(1944, 'hyrbWL', 0),
(1945, 'sV7HEX', 0),
(1946, '1lhLvk', 0),
(1947, 'HPpifN', 0),
(1948, 'MhYoXV', 0),
(1949, 'fkZsem', 0),
(1950, '9pS5KE', 0),
(1951, 'CTYUDl', 0),
(1952, 'Ms9W7L', 0),
(1953, 'JTy3t1', 0),
(1954, 'pfgJiU', 0),
(1955, 'ISuowW', 0),
(1956, 'ghx4pE', 0),
(1957, 'oXsa67', 0),
(1958, 'GAOqei', 0),
(1959, '1zB3ih', 0),
(1960, 'xyAifB', 0),
(1961, 'buYVfv', 0),
(1962, 'hIkCfl', 0),
(1963, 'L2WK8q', 0),
(1964, 'pu9Uim', 0),
(1965, 'jsDi9l', 0),
(1966, 'wvjW3C', 0),
(1967, 'QFJcwN', 0),
(1968, 'WTqCS8', 0),
(1969, 'TKAiIZ', 0),
(1970, 'v2aVUA', 0),
(1971, '9Zf21K', 0),
(1972, 'CPKjJb', 0),
(1973, 'WykMzP', 0),
(1974, '4lSiIJ', 0),
(1975, 'zeaK89', 0),
(1976, 'IOWYfE', 0),
(1977, 'b32PjT', 0),
(1978, '6fQKe5', 0),
(1979, 'QgCRUi', 0),
(1980, 'hOoiBv', 0),
(1981, 'gVzR9P', 0),
(1982, 'AZdatr', 0),
(1983, 'BbkgOy', 0),
(1984, 'VOtsly', 0),
(1985, 'EO67SD', 0),
(1986, '1EvNdr', 0),
(1987, 'a56ByZ', 0),
(1988, 'AduonD', 0),
(1989, '7OsJxL', 0),
(1990, 'k6Co12', 0),
(1991, 'XxjO9N', 0),
(1992, 'uVtEGU', 0),
(1993, 'WxD658', 0),
(1994, 'VywXbD', 0),
(1995, 'UD5782', 0),
(1996, 'D8adj0', 0),
(1997, 'h0Jd5y', 0),
(1998, 'Ma7niD', 0),
(1999, 'hdRxuw', 0),
(2000, 'slnTDq', 0),
(2001, 'etnx10', 0),
(2002, 'c1ZaFK', 0),
(2003, 'S8X0mx', 0),
(2004, 'HVIdDe', 0),
(2005, 'kgHvQY', 0),
(2006, '59nWNJ', 0),
(2007, 'nZjNKT', 0),
(2008, 'FYCfcz', 0),
(2009, '3bVXuD', 0),
(2010, 'w0xH3v', 0),
(2011, 'BqIPCY', 0),
(2012, '4DGPt3', 0),
(2013, 'cvxoIS', 0),
(2014, 'zOd0JT', 0),
(2015, 'kqSx6V', 0),
(2016, 'O0fYUG', 0),
(2017, 'qTjDkL', 0),
(2018, 'N1xHlO', 0),
(2019, 'Hs4U2A', 0),
(2020, 'BuTaty', 0),
(2021, 'KRcu1p', 0),
(2022, 'KJdjIq', 0),
(2023, '6oeNvz', 0),
(2024, 'D21sxL', 0),
(2025, 'IAV7g5', 0),
(2026, '9xFeXK', 0),
(2027, 'Tc9hdZ', 0),
(2028, 'vHnWO1', 0),
(2029, '10knvt', 0),
(2030, 'UBI3b8', 0),
(2031, 'm81Mjz', 0),
(2032, 'Uos1gx', 0),
(2033, '0px1wD', 0),
(2034, 'wPseRg', 0),
(2035, '9jD4BE', 0),
(2036, 'AHvG63', 0),
(2037, 'mf0Q68', 0),
(2038, 'lgjf8n', 0),
(2039, 'YGDkBx', 0),
(2040, 'PFkodE', 0),
(2041, 'YgpjiQ', 0),
(2042, 'Z2MakV', 0),
(2043, 'aXVziI', 0),
(2044, 'EUR1S6', 0),
(2045, '37kiq4', 0),
(2046, 'WNorqn', 0),
(2047, '7WIAj6', 0),
(2048, 'mAqRMk', 0),
(2049, 'B16XIw', 0),
(2050, '2F0qCb', 0),
(2051, 'u6rkAc', 0),
(2052, 'qQLGoB', 0),
(2053, '9l8NpC', 0),
(2054, '6OoKbp', 0),
(2055, 'cSdUbY', 0),
(2056, 'h3u20K', 0),
(2057, 'wIgd3k', 0),
(2058, 'n3w5ly', 0),
(2059, 'jDTy6Q', 0),
(2060, 'MTIiDy', 0),
(2061, 'np4SJw', 0),
(2062, 'BMzK0t', 0),
(2063, 'akEnJ6', 0),
(2064, 'zmiD5G', 0),
(2065, 'xyUcJh', 0),
(2066, '4ErR5Y', 0),
(2067, 'wxPik5', 0),
(2068, 'cMsejy', 0),
(2069, 'KavLC9', 0),
(2070, 'w81qay', 0),
(2071, 'EYjXsm', 0),
(2072, 'U1DJTX', 0),
(2073, 'K9gmwI', 0),
(2074, 'l2t3i7', 0),
(2075, 'ReYK5s', 0),
(2076, 'baHyqX', 0),
(2077, 'Ny3Vdh', 0),
(2078, 'X2zmAH', 0),
(2079, 'HjdVAr', 0),
(2080, 'vBFxrM', 0),
(2081, 'yRjEMc', 0),
(2082, 'XMu3Gr', 0),
(2083, 'IjbrFP', 0),
(2084, 'Wm6CP3', 0),
(2085, 'Sq47Qf', 0),
(2086, '2IobC5', 0),
(2087, 'rRZw1t', 0),
(2088, 'yADuJf', 0),
(2089, '149fT2', 0),
(2090, 'cyp8Mw', 0),
(2091, 'HhwBoT', 0),
(2092, 'zYQfRh', 0),
(2093, 'xMeogR', 0),
(2094, 'rmcYXS', 0),
(2095, 'VMQ0ZU', 0),
(2096, 'kq1U5W', 0),
(2097, 'OxC3qL', 0),
(2098, 'qC5iAH', 0),
(2099, 'rqy0XQ', 0),
(2100, '9s1FuC', 0),
(2101, 'aLeT5M', 0),
(2102, 'Hu1cfm', 0),
(2103, '6PpJk0', 0),
(2104, 'ZCLBr5', 0),
(2105, 'VkEw7v', 0),
(2106, 'zwsUIy', 0),
(2107, 'ipf3xh', 0),
(2108, 'x5aCUS', 0),
(2109, '7ptAcg', 0),
(2110, 'yJQtx0', 0),
(2111, 'Nws13d', 0),
(2112, 'zcsfBq', 0),
(2113, 'lWCLOb', 0),
(2114, 'wPrGDX', 0),
(2115, 'uhoIEr', 0),
(2116, 'zsXgUH', 0),
(2117, 'PglsxS', 0),
(2118, 'UsBJ2N', 0),
(2119, 'p49REO', 0),
(2120, 'CTPGgs', 0),
(2121, 'wSBIq0', 0),
(2122, 'jF0QnZ', 0),
(2123, 'H8615e', 0),
(2124, 'RPylJ7', 0),
(2125, 'ul1Eog', 0),
(2126, 'bRyKJk', 0),
(2127, '821CAR', 0),
(2128, 'TQbMiX', 0),
(2129, '68DoZs', 0),
(2130, 'pkRTz4', 0),
(2131, 'AFet2C', 0),
(2132, 'oRfZ8V', 0),
(2133, 'h38eH2', 0),
(2134, 'jofdrn', 0),
(2135, 'L4gCp6', 0),
(2136, 'oAaeEU', 0),
(2137, 'UoPtZJ', 0),
(2138, 'hDQMKd', 0),
(2139, '1V7PJW', 0),
(2140, 'adeUDV', 0),
(2141, 'NKkrQp', 0),
(2142, 'JFXZwr', 0),
(2143, 'yeDivO', 0),
(2144, 'O2bwHo', 0),
(2145, 'LtIEOJ', 0),
(2146, 'Vb0hI7', 0),
(2147, 'bHtehg', 0),
(2148, 'vKMIze', 0),
(2149, 'fomC5a', 0),
(2150, 'NycTe4', 0),
(2151, 'smHN3p', 0),
(2152, 'sRI4hg', 0),
(2153, 'hHvXNA', 0),
(2154, 'ZuA5Qz', 0),
(2155, '56IlsN', 0),
(2156, 'JV5TQY', 0),
(2157, 'Sa2cz8', 0),
(2158, '1DUny0', 0),
(2159, 'Or3HW0', 0),
(2160, 'aTuyWi', 0),
(2161, 'lzVoFa', 0),
(2162, 'jUe9mT', 0),
(2163, 'O6PJC1', 0),
(2164, 'fEb1KZ', 0),
(2165, 'rSpJ1s', 0),
(2166, 'VlTeLc', 0),
(2167, 'eUnKR6', 0),
(2168, 'z7cMHd', 0),
(2169, '5CbvfH', 0),
(2170, 'agNFHY', 0),
(2171, 'QCP8jL', 0),
(2172, 'BDs7FI', 0),
(2173, 'umSHpZ', 0),
(2174, 'CgieS0', 0),
(2175, 'KXmAdY', 0),
(2176, '5pPGUQ', 0),
(2177, '1zUkl6', 0),
(2178, 'teEPUh', 0),
(2179, 'PS6HNY', 0),
(2180, 'v2a5dp', 0),
(2181, 'cXR3DM', 0),
(2182, 'DHtWSy', 0),
(2183, 'b7MmB8', 0),
(2184, 'AYPRVd', 0),
(2185, 'qBLKd4', 0),
(2186, 'UzYMvT', 0),
(2187, 'KBHwLO', 0),
(2188, '2XsPKz', 0),
(2189, 'ei29Tb', 0),
(2190, 'OfsE71', 0),
(2191, 'siUVfT', 0),
(2192, '1XoNsu', 0),
(2193, 'XGRcn5', 0),
(2194, '7LzWfA', 0),
(2195, '0jcZ1a', 0),
(2196, 'qauDrd', 0),
(2197, 'TbNcVz', 0),
(2198, 'uzeTcJ', 0),
(2199, 'KS14xD', 0),
(2200, 'LdADpc', 0),
(2201, 'Qj1Mx5', 0),
(2202, 'nSl0HV', 0),
(2203, 'qbYGu9', 0),
(2204, 'NvoIuF', 0),
(2205, 'qhFUl9', 0),
(2206, 'xcHgMi', 0),
(2207, '6c1m0R', 0),
(2208, 'CvT9E5', 0),
(2209, 'OFNliC', 0),
(2210, 'ByJG4c', 0),
(2211, '7PbCpB', 0),
(2212, 'O7WTnD', 0),
(2213, 'Iq8K6F', 0),
(2214, 'sS4yaG', 0),
(2215, 'fPIa0A', 0),
(2216, 'MSXzcB', 0),
(2217, 'E2MPyH', 0),
(2218, 'xBIlPd', 0),
(2219, 'wN6OWS', 0),
(2220, 'AtQHkz', 0),
(2221, 'c7910N', 0),
(2222, 'gSxZet', 0),
(2223, 'E369Bl', 0),
(2224, 'dgUECx', 0),
(2225, 'c5hFVx', 0),
(2226, 'q51zQh', 0),
(2227, '2Q6WwZ', 0),
(2228, 'GBDnho', 0),
(2229, 'mI4SbP', 0),
(2230, 'NGad3m', 0),
(2231, 'cw8FNZ', 0),
(2232, 'IpAR3Q', 0),
(2233, 'Oi8tAE', 0),
(2234, '8DM2Rv', 0),
(2235, 'fS6i9X', 0),
(2236, 'B7V38h', 0),
(2237, 'bd3e6R', 0),
(2238, 'lF2NPc', 0),
(2239, 'UvmR4u', 0),
(2240, '2tH0EG', 0),
(2241, 'xH4IoL', 0),
(2242, '4bSLI8', 0),
(2243, 'pKuT93', 0),
(2244, 'UTrX9x', 0),
(2245, 'bJWfcP', 0),
(2246, '2aTBNI', 0),
(2247, 'lbXk35', 0),
(2248, 'hiuG72', 0),
(2249, 'Tzfo6k', 0),
(2250, '3WgxM5', 0),
(2251, 'RNk5br', 0),
(2252, 'KcXljA', 0),
(2253, '7rXAEe', 0),
(2254, 'O2GjJA', 0),
(2255, 'U8iwYP', 0),
(2256, 'AQ47PE', 0),
(2257, 'PlVbmR', 0),
(2258, 'nsrS72', 0),
(2259, 'wrTjol', 0),
(2260, 'Tk2YjB', 0),
(2261, 'WHMO7R', 0),
(2262, '0URmDv', 0),
(2263, 'WuEOlg', 0),
(2264, 'AW40Ts', 0),
(2265, '98T2gY', 0),
(2266, 'cr30Ly', 0),
(2267, 'nR0vUr', 0),
(2268, 'iHFVdU', 0),
(2269, 'MDTvno', 0),
(2270, 'UvNlY6', 0),
(2271, 'CpoGwU', 0),
(2272, '5kEUJi', 0),
(2273, 'd9sVNo', 0),
(2274, 'W8hiwL', 0),
(2275, 'BToM7U', 0),
(2276, 'K7Wb21', 0),
(2277, '02zBdY', 0),
(2278, 'LtAjnw', 0),
(2279, 'gDvALn', 0),
(2280, 'wOGxCc', 0),
(2281, 'sS6wUf', 0),
(2282, 'wbNOyP', 0),
(2283, 'C3zfup', 0),
(2284, 'pnShlR', 0),
(2285, '21mGj7', 0),
(2286, 'Afqtu0', 0),
(2287, 'Kc1frg', 0),
(2288, 'Iwho5n', 0),
(2289, 'bhLNdi', 0),
(2290, '9MJHID', 0),
(2291, 'VpiITF', 0),
(2292, 'lYknJm', 0),
(2293, 'LVyMoG', 0),
(2294, '2ylAtH', 0),
(2295, 'FmIljS', 0),
(2296, 'XuRrE1', 0),
(2297, 'wrA6ma', 0),
(2298, 'FlaBn6', 0),
(2299, 'N1AoGU', 0),
(2300, 'iXbMWE', 0),
(2301, 'f8FsXc', 0),
(2302, 'j9RNFy', 0),
(2303, 'PFA3we', 0),
(2304, 'KYbJsm', 0),
(2305, 'jhNH8Z', 0),
(2306, 'FJHgMX', 0),
(2307, 'JM4KXA', 0),
(2308, 'SHoRDK', 0),
(2309, 'q1ZSvx', 0),
(2310, 'HfWz1y', 0),
(2311, 'IKUe48', 0),
(2312, 'zJYX1G', 0),
(2313, 'OrGxkw', 0),
(2314, 'I8l2AF', 0),
(2315, 'bzUsGo', 0),
(2316, 'wOTVdk', 0),
(2317, 'igRKaP', 0),
(2318, '3Ey6dt', 0),
(2319, '5qRmlK', 0),
(2320, 'wUNtb7', 0),
(2321, 'HkSAbV', 0),
(2322, '9vK5fS', 0),
(2323, 'GEhVmy', 0),
(2324, '63nAu2', 0),
(2325, 'CDeadR', 0),
(2326, '3QabVC', 0),
(2327, 'KOc9wD', 0),
(2328, 'ycj68p', 0),
(2329, 'kXUCbo', 0),
(2330, 'AHazD9', 0),
(2331, 'AuU47T', 0),
(2332, 'nfF2MU', 0),
(2333, 'pGMomN', 0),
(2334, 'TmRAnV', 0),
(2335, '6JgLWe', 0),
(2336, 'BwGWNk', 0),
(2337, '0b2Koh', 0),
(2338, 'LANbPG', 0),
(2339, 'oQ3leR', 0),
(2340, '6GiAPR', 0),
(2341, 'e68uE0', 0),
(2342, 'tfT8AR', 0),
(2343, '5zAGeH', 0),
(2344, 'irJnSA', 0),
(2345, 'XcizJQ', 0),
(2346, 'SoGW3H', 0),
(2347, '9WxVbI', 0),
(2348, 'tRfC8o', 0),
(2349, 'yVZYvC', 0),
(2350, 'i3lkDz', 0),
(2351, 'UlhF8M', 0),
(2352, 'UjMtAq', 0),
(2353, 'OGJ7rf', 0),
(2354, 'bwimze', 0),
(2355, 'OotGXI', 0),
(2356, '0sWEP7', 0),
(2357, 'obvNjC', 0),
(2358, 'd4sGVj', 0),
(2359, 'eUZPrW', 0),
(2360, 'mZX4Ce', 0),
(2361, 'GgnHup', 0),
(2362, 'pjUMmi', 0),
(2363, '4eMVhz', 0),
(2364, 'IXNBan', 0),
(2365, 's40V3G', 0),
(2366, 'bGHmYT', 0),
(2367, '8z3MQX', 0),
(2368, 'TqjmpX', 0),
(2369, 'g8j4IT', 0),
(2370, 'EUKqB6', 0),
(2371, 'mX4hKA', 0),
(2372, 'VD27Nh', 0),
(2373, 'tbG0yq', 0),
(2374, 'HrY2Cl', 0),
(2375, 'MI3Y4N', 0),
(2376, 'yrph2I', 0),
(2377, 'glJ3aR', 0),
(2378, 'hcGu15', 0),
(2379, 'tFvunA', 0),
(2380, 'Q7W81d', 0),
(2381, '0dDrHQ', 0),
(2382, 'uw6aA9', 0),
(2383, '7aZhGY', 0),
(2384, 'wAI0xT', 0),
(2385, 'qxXvDa', 0),
(2386, 'qmTsU3', 0),
(2387, 'H6NAx4', 0),
(2388, 'X3iZT8', 0),
(2389, '7ZElSg', 0),
(2390, 'VZbfMO', 0),
(2391, 'eJCs2D', 0),
(2392, 'cp4KIE', 0),
(2393, 'yGpnWt', 0),
(2394, 'A9dJ24', 0),
(2395, 'xOd4M6', 0),
(2396, 'xuMQR4', 0),
(2397, '2iFTCo', 0),
(2398, 'ecbwZ3', 0),
(2399, '5BSTzm', 0),
(2400, 'hJZR5d', 0),
(2401, 'CMGOP1', 0),
(2402, 'hlJuXK', 0),
(2403, 'VprU1n', 0),
(2404, '1FBItn', 0),
(2405, '64mBQz', 0),
(2406, 'v05XVR', 0),
(2407, 'l1nvXR', 0),
(2408, '0fsepU', 0),
(2409, 'merBUq', 0),
(2410, 'yd1Xkr', 0),
(2411, 'lFCKE0', 0),
(2412, 'YK2ras', 0),
(2413, 'saZVfA', 0),
(2414, 'UlKimb', 0),
(2415, 'rRLnCh', 0),
(2416, 'Uby6Z1', 0),
(2417, 'TiW0gP', 0),
(2418, '6DkE0z', 0),
(2419, 'XqFBr5', 0),
(2420, 'aVvs2t', 0),
(2421, 'DrxNfp', 0),
(2422, 'QLRMp6', 0),
(2423, 'Ddk6fC', 0),
(2424, 'ZlUtIf', 0),
(2425, 'u5r90J', 0),
(2426, 'tFpbws', 0),
(2427, 'YNbURK', 0),
(2428, '3DkNRm', 0),
(2429, 'u2vSrh', 0),
(2430, 'Kt4U5H', 0),
(2431, 'tmZFw0', 0),
(2432, 'RfTLhJ', 0),
(2433, 'odDpjY', 0),
(2434, '9SHyz5', 0),
(2435, 'FTinvb', 0),
(2436, 'CcS0sY', 0),
(2437, 'jYlV92', 0),
(2438, 'lRiG13', 0),
(2439, 'EHF6oC', 0),
(2440, 'OaCt4U', 0),
(2441, 'U1gscE', 0),
(2442, 'CwfJF7', 0),
(2443, 'c90iKZ', 0),
(2444, 'MvGh8a', 0),
(2445, 'w53n92', 0),
(2446, 'CSlUWM', 0),
(2447, 'GBkwcF', 0),
(2448, 'yeUADT', 0),
(2449, 'REqwou', 0),
(2450, 'c4Nra8', 0),
(2451, 'gCljwB', 0),
(2452, 'X5UHRn', 0),
(2453, 'v1KFCe', 0),
(2454, '2cmR5v', 0),
(2455, 'g0keDR', 0),
(2456, '2xSEbF', 0),
(2457, 'DYNVQg', 0),
(2458, 'yjxMlK', 0),
(2459, 'cLQVDr', 0),
(2460, 'Q02ko9', 0),
(2461, '9v2TsL', 0),
(2462, '7JnpUm', 0),
(2463, 'ugR6Wd', 0),
(2464, 'HytS6R', 0),
(2465, 's2obrZ', 0),
(2466, 'gmbrXR', 0),
(2467, 'xrIuOX', 0),
(2468, '079XiF', 0),
(2469, 'HghCLV', 0),
(2470, 'IZaEhf', 0),
(2471, 'ywu15Y', 0),
(2472, 'tMVaZQ', 0),
(2473, 'IqxpA8', 0),
(2474, '3DSqsT', 0),
(2475, 'n2b1a4', 0),
(2476, 'rUAq03', 0),
(2477, '7v3NbV', 0),
(2478, 'jJUt7y', 0),
(2479, '7hwjTe', 0),
(2480, 'zfTtOn', 0),
(2481, 'QER3X8', 0),
(2482, 'VDlM3P', 0),
(2483, 'mjX5JD', 0),
(2484, 'dWVyxD', 0),
(2485, 'pXLOw5', 0),
(2486, 'e58MVi', 0),
(2487, 'wlXe79', 0),
(2488, 'd1kpOj', 0),
(2489, 'NuZ2jq', 0),
(2490, 'AD9QrT', 0),
(2491, 'EmH0rP', 0),
(2492, 'jkv0FI', 0),
(2493, 'sy0cfX', 0),
(2494, 'H1lb3K', 0),
(2495, 'wvdZ0r', 0),
(2496, 'jMwXzx', 0),
(2497, 'frLX8O', 0),
(2498, '7pLc8V', 0),
(2499, 'EMhqtO', 0),
(2500, 'Fb7C3c', 0),
(2501, '5ScHdY', 0),
(2502, 'R6kxVW', 0),
(2503, 'aeuGLy', 0),
(2504, 'PzotRy', 0),
(2505, '3B9L4R', 0),
(2506, '7FVZ2X', 0),
(2507, 'SXLtRF', 0),
(2508, 'dwxV8b', 0),
(2509, 'ilYfBs', 0),
(2510, 'W0DBQG', 0),
(2511, 'GKfoFI', 0),
(2512, 'biQOPp', 0),
(2513, 'bHWMuf', 0),
(2514, '1evZEH', 0),
(2515, 'YECMfT', 0),
(2516, 'qmB8Oy', 0),
(2517, 'SaDw6O', 0),
(2518, '6e5rmN', 0),
(2519, 'ujKxla', 0),
(2520, '1yalUA', 0),
(2521, 'v2RrYT', 0),
(2522, 'ToOSmg', 0),
(2523, 'LP4Ozp', 0),
(2524, 'VcQHPX', 0),
(2525, 'DtZyWn', 0),
(2526, 'Y6xGVe', 0),
(2527, 'JliEKa', 0),
(2528, 'Dh4Hf2', 0),
(2529, 'oB8Kdk', 0),
(2530, 'HA6EyO', 0),
(2531, 'qGbYgK', 0),
(2532, 'kQrRNn', 0),
(2533, '0VLadE', 0),
(2534, 'fMadQW', 0),
(2535, 'rZFqIB', 0),
(2536, 'LvVOCE', 0),
(2537, 'aMnCDK', 0),
(2538, 'j60K3x', 0),
(2539, '2bTYa9', 0),
(2540, 'XhWt68', 0),
(2541, 'sf1AIU', 0),
(2542, 'B2qhT4', 0),
(2543, 'pqIkYW', 0),
(2544, 'l3sifB', 0),
(2545, 'JY7Zax', 0),
(2546, 'P8yRT6', 0),
(2547, 'xtw9Al', 0),
(2548, 'aJAIR8', 0),
(2549, 'DyjXHu', 0),
(2550, 'avRJl4', 0),
(2551, 'RhVF4e', 0),
(2552, 'eNWtoj', 0),
(2553, 'YpDdcG', 0),
(2554, 'yQ1vdF', 0),
(2555, 'zJe86w', 0),
(2556, 'A4dI2m', 0),
(2557, '7TayeS', 0),
(2558, 'jOobXN', 0),
(2559, 'Q95R1H', 0),
(2560, '7VfAPU', 0),
(2561, 'EzlwKC', 0),
(2562, 'X4tUOk', 0),
(2563, 'rAnJtw', 0),
(2564, '8WBlIb', 0),
(2565, '5DFYzm', 0),
(2566, 'dnGhNw', 0),
(2567, 'qt7WCy', 0),
(2568, 'cLujAt', 0),
(2569, 'rqyUOe', 0),
(2570, 'ab0BVu', 0),
(2571, 'CXhjuP', 0),
(2572, 'yClDke', 0),
(2573, 'RgxCVz', 0),
(2574, 'xekb0L', 0),
(2575, 'Y2SarI', 0),
(2576, 'Ce4lIo', 0),
(2577, 'nIkJfC', 0),
(2578, '6nxgeZ', 0),
(2579, '0ZPUF7', 0),
(2580, 'GKtHwj', 0),
(2581, 'NnAq1F', 0),
(2582, 'V1mCPY', 0),
(2583, 'MhjQeD', 0),
(2584, 'Ri9gwN', 0),
(2585, 'onU95E', 0),
(2586, 'dFrhxW', 0),
(2587, 'TpL9KO', 0),
(2588, 'vBA8ZM', 0),
(2589, 'mpthUu', 0),
(2590, 'rcjzPY', 0),
(2591, '54VQGs', 0),
(2592, 'Kyunqc', 0),
(2593, 'uzI617', 0),
(2594, 'SEBX1a', 0),
(2595, 'xdOwFM', 0),
(2596, 'NlmoOz', 0),
(2597, 'wLXSO5', 0),
(2598, 'flVIhN', 0),
(2599, 'fOaJ8F', 0),
(2600, 'Ix307c', 0),
(2601, '7uUpfd', 0),
(2602, 'emgSAI', 0),
(2603, 'iz5Z72', 0),
(2604, 'x3bTAX', 0),
(2605, '26JB9G', 0),
(2606, '9djmkV', 0),
(2607, 'XxAzFB', 0),
(2608, 'fCyRBS', 0),
(2609, 'iIFcPH', 0),
(2610, 'BGOQYz', 0),
(2611, 'XnShCU', 0),
(2612, 'F3JwPO', 0),
(2613, 'mKieGA', 0),
(2614, 'DyShc5', 0),
(2615, 'qGCoK7', 0),
(2616, 'b0Z1BF', 0),
(2617, 'NASKeb', 0),
(2618, 'wUjGFz', 0),
(2619, 'dkciOV', 0),
(2620, 'TXNj13', 0),
(2621, 'F7adkB', 0),
(2622, 'RjyfQs', 0),
(2623, 'rnRsH1', 0),
(2624, 'O67rnv', 0),
(2625, 'qTXHEW', 0),
(2626, 'rFt9VQ', 0),
(2627, 'uMH3qI', 0),
(2628, 'AXsBY2', 0),
(2629, 'P6GAED', 0),
(2630, '3Ij6yp', 0),
(2631, '7pQ8gI', 0),
(2632, 'UZP9XO', 0),
(2633, 'ubBCjs', 0),
(2634, 'WNTyEv', 0),
(2635, '05cqpP', 0),
(2636, 'afbXxO', 0),
(2637, '03ZkQE', 0),
(2638, 'HUyJZR', 0),
(2639, 'vUZzkJ', 0),
(2640, 'gmGBjw', 0),
(2641, '3KUvr1', 0),
(2642, 'qWjcbP', 0),
(2643, 'EdxrGS', 0),
(2644, 'PRwhv2', 0),
(2645, '1o7yU2', 0),
(2646, '8xudKs', 0),
(2647, 'zrCe0l', 0),
(2648, 'oXYLmH', 0),
(2649, 'prTvLk', 0),
(2650, 'Ai3fYy', 0),
(2651, 'cjE7qP', 0),
(2652, '7TuySp', 0),
(2653, '7HJ1ul', 0),
(2654, 'hamx1F', 0),
(2655, 'xUojNi', 0),
(2656, 'gQoPwk', 0),
(2657, 'rBRQLW', 0),
(2658, 'qdseFn', 0),
(2659, 'oPuL26', 0),
(2660, 'NQsk1Y', 0),
(2661, 'zglxmJ', 0),
(2662, 'nY80eW', 0),
(2663, 'RUexAN', 0),
(2664, 'R4XCyq', 0),
(2665, 'SrFoKs', 0),
(2666, '1b75Po', 0),
(2667, 'Om9Vt2', 0),
(2668, 'tHzFrI', 0),
(2669, 'gzRc2p', 0),
(2670, 'Wub6Kl', 0),
(2671, 'sD1UVz', 0),
(2672, 'uzyxfd', 0),
(2673, 'W1S5sG', 0),
(2674, 'YMLcnH', 0),
(2675, 'MdIF5E', 0),
(2676, '0k3Je9', 0),
(2677, 'whR4er', 0),
(2678, 'IjX5AS', 0),
(2679, 'KmsAxE', 0),
(2680, 'cki1Hm', 0),
(2681, 'hPz1JC', 0),
(2682, 'OJjRIF', 0),
(2683, 'h136t7', 0),
(2684, '2ZVG6e', 0),
(2685, '7UQ0qS', 0),
(2686, 'czu6P4', 0);
INSERT INTO `td_referral_codes` (`id`, `code`, `is_taken`) VALUES
(2687, '6TqkZt', 0),
(2688, 'jeiY9I', 0),
(2689, 'fot3rC', 0),
(2690, 'i8bOmf', 0),
(2691, 'm64uex', 0),
(2692, 'qKWFfs', 0),
(2693, 'LsKcOg', 0),
(2694, '2i8rK7', 0),
(2695, '5pJiQa', 0),
(2696, 'fbDFMC', 0),
(2697, 'ZyMsXn', 0),
(2698, '6KdgAe', 0),
(2699, 'EfhA9m', 0),
(2700, 'q7XF3m', 0),
(2701, 'RQZVod', 0),
(2702, 'MzQtrA', 0),
(2703, 'Rc5VTN', 0),
(2704, 'gxdaOv', 0),
(2705, 'MHI1P5', 0),
(2706, 'IDMJ7c', 0),
(2707, 'KUetB0', 0),
(2708, '145pVA', 0),
(2709, 'tLD5VQ', 0),
(2710, 'u1I3L8', 0),
(2711, 'pYhmqJ', 0),
(2712, 'ku6R7K', 0),
(2713, '6R5XAg', 0),
(2714, 'zgNA0b', 0),
(2715, 'R1Q9oG', 0),
(2716, 'GbPYH4', 0),
(2717, 'WgZ9CF', 0),
(2718, 'Uy805H', 0),
(2719, '6Dzk4R', 0),
(2720, 'EskyQ3', 0),
(2721, 'D7RbF4', 0),
(2722, 'ctLEji', 0),
(2723, 'X4pjbW', 0),
(2724, 'Z2VbvR', 0),
(2725, 'yCWfdi', 0),
(2726, 'cb5LGN', 0),
(2727, 'TCNJLf', 0),
(2728, '3w7a1m', 0),
(2729, 'Oz9uc7', 0),
(2730, 'KCwEu9', 0),
(2731, '5WkpG0', 0),
(2732, 'TAUxQi', 0),
(2733, 'gdH6BZ', 0),
(2734, 'R4Ib9M', 0),
(2735, 'H40myB', 0),
(2736, '15AwrM', 0),
(2737, 'FDu1ze', 0),
(2738, 'iyawUx', 0),
(2739, 'QPU9nz', 0),
(2740, 'uIKtYC', 0),
(2741, 'Vcj3TI', 0),
(2742, 'WF3C2S', 0),
(2743, 'F6DhUP', 0),
(2744, 'wl7Kf1', 0),
(2745, 'cXyoKT', 0),
(2746, '2w8Ns3', 0),
(2747, 'vhRX2k', 0),
(2748, 'srhzo1', 0),
(2749, 'Kroc4p', 0),
(2750, 'cHnp4l', 0),
(2751, 'hX1WPd', 0),
(2752, 'B7drIS', 0),
(2753, 'dBXtE2', 0),
(2754, 'JCz7cW', 0),
(2755, 'ezDUFM', 0),
(2756, 'NFgB8I', 0),
(2757, 'UPfh09', 0),
(2758, 'lTj8UG', 0),
(2759, 'EZlTWF', 0),
(2760, 'EJ57FO', 0),
(2761, 'Kqj3To', 0),
(2762, 'JgeM1Z', 0),
(2763, 'hRHeKZ', 0),
(2764, 'mdoxwk', 0),
(2765, 'JeyqAC', 0),
(2766, 'TE3rhW', 0),
(2767, 'Gp4NIn', 0),
(2768, 'gKPsZU', 0),
(2769, 'wYSH1q', 0),
(2770, 'rsu4Ox', 0),
(2771, 'b4UvpP', 0),
(2772, 'ZduMi0', 0),
(2773, 'B2JKEN', 0),
(2774, 'jQhnF4', 0),
(2775, 'e7YiRZ', 0),
(2776, 'WjLrmK', 0),
(2777, '5Cd2Lg', 0),
(2778, 'Hqw9oi', 0),
(2779, 'YtIPQk', 0),
(2780, 'CYSFDP', 0),
(2781, 'fmjXgr', 0),
(2782, 'YlJH6G', 0),
(2783, 'JUWEGL', 0),
(2784, 'CzgIRc', 0),
(2785, 'mWITO8', 0),
(2786, 'QTIFDm', 0),
(2787, 'gf8QBn', 0),
(2788, 'GPotuH', 0),
(2789, 'QYlU8I', 0),
(2790, 'TuO20X', 0),
(2791, 'Jv5zRa', 0),
(2792, '9CFz3d', 0),
(2793, 'JTC7kh', 0),
(2794, '6QFOfC', 0),
(2795, '1Uoft4', 0),
(2796, 'KeMPGL', 0),
(2797, 'etQ13a', 0),
(2798, 'yFcfSj', 0),
(2799, 'Fp8KCn', 0),
(2800, 'ly5h2f', 0),
(2801, 'fmGUy4', 0),
(2802, 'MeC6vT', 0),
(2803, 'LJX29w', 0),
(2804, 'kVlSWK', 0),
(2805, 'HNkXsO', 0),
(2806, 'PbqEOl', 0),
(2807, '64y8IO', 0),
(2808, 'zfAaim', 0),
(2809, 'pdmfGZ', 0),
(2810, 'Uvsxzp', 0),
(2811, 'mdyHI1', 0),
(2812, 'eQFOxf', 0),
(2813, 'dB9mOy', 0),
(2814, 'qxYrD0', 0),
(2815, 'PXwp8C', 0),
(2816, 'X4OmDd', 0),
(2817, 'abVjpT', 0),
(2818, 't5eGmT', 0),
(2819, 'pZldq9', 0),
(2820, 'iHPJV3', 0),
(2821, 'eEyGfp', 0),
(2822, 's6ZvEI', 0),
(2823, 'HjYWz8', 0),
(2824, 'uxWvAE', 0),
(2825, 'cIqgXl', 0),
(2826, 'lEwqmt', 0),
(2827, '5x9AQH', 0),
(2828, 'wnGk91', 0),
(2829, 'WsmUPx', 0),
(2830, 'VBsYeE', 0),
(2831, 'D9s5qh', 0),
(2832, 'GNSzls', 0),
(2833, 'ufk628', 0),
(2834, 'TI0ukV', 0),
(2835, '3Hw5SE', 0),
(2836, 'Z0CqWE', 0),
(2837, 'CfNgLQ', 0),
(2838, 'VXNBsO', 0),
(2839, '2HMeLo', 0),
(2840, 'fC4uDt', 0),
(2841, 'Zl6587', 0),
(2842, 'wghxK2', 0),
(2843, 'U7XRym', 0),
(2844, '5ludRM', 0),
(2845, 'fJqcnX', 0),
(2846, 'Y45NxI', 0),
(2847, '9RvEZr', 0),
(2848, 'GEFeTV', 0),
(2849, 'Chnkoj', 0),
(2850, 'fkpnv3', 0),
(2851, 'FWtBAn', 0),
(2852, 'pdRCBm', 0),
(2853, 'b7mpkM', 0),
(2854, 'B7YhJe', 0),
(2855, 'JjeQEr', 0),
(2856, 's8wmb3', 0),
(2857, 'GXToWM', 0),
(2858, 'SU3dtw', 0),
(2859, '0lcHR5', 0),
(2860, '3ZO7iY', 0),
(2861, 'o97EZl', 0),
(2862, 'y0gjzU', 0),
(2863, 'v8M7lp', 0),
(2864, 'V7hMUD', 0),
(2865, 'xTh5Ol', 0),
(2866, 'XWTrIQ', 0),
(2867, 'rY9lN5', 0),
(2868, 'aSLeOj', 0),
(2869, '5RZ8BW', 0),
(2870, '8igtkY', 0),
(2871, 'iPCBRe', 0),
(2872, '6koKNE', 0),
(2873, 'Z5hV8O', 0),
(2874, 'VQ9bRT', 0),
(2875, 'rVG58g', 0),
(2876, '6FOhnz', 0),
(2877, 'zn5R1j', 0),
(2878, 'uvBhfY', 0),
(2879, 'EkcDeo', 0),
(2880, 'OrbW4L', 0),
(2881, 'Eo4z9G', 0),
(2882, 'HDTmGg', 0),
(2883, '1rom5P', 0),
(2884, 'bh4q3J', 0),
(2885, 'i7HlJK', 0),
(2886, 'EcdXQF', 0),
(2887, '3gh4rM', 0),
(2888, 'pv3KsP', 0),
(2889, 'DQqfkA', 0),
(2890, 'e7lLSV', 0),
(2891, 'wTehpR', 0),
(2892, 'kCVEO0', 0),
(2893, 'giBK5f', 0),
(2894, '7I9JRA', 0),
(2895, 'V3f108', 0),
(2896, 'yLQpre', 0),
(2897, 'FImudQ', 0),
(2898, 'Rjobsq', 0),
(2899, 'ZxunoC', 0),
(2900, 'csboDy', 0),
(2901, 'pTKAMj', 0),
(2902, 'Mnzo5j', 0),
(2903, '6FTXN9', 0),
(2904, 'A0nV25', 0),
(2905, 'S42vQI', 0),
(2906, 'eAFhrf', 0),
(2907, 'rIZVWx', 0),
(2908, 'KUhHZt', 0),
(2909, 'WC3eif', 0),
(2910, 'eqg4Gd', 0),
(2911, 'ilzEj0', 0),
(2912, '8bdqEX', 0),
(2913, 'fPhzWv', 0),
(2914, '6eECOa', 0),
(2915, 'mk2auo', 0),
(2916, 'n7Fxc5', 0),
(2917, 'Hfa8cN', 0),
(2918, 'q7KnsA', 0),
(2919, 'F8bl3G', 0),
(2920, 'wf94az', 0),
(2921, 'MQSeLD', 0),
(2922, 'Wvr123', 0),
(2923, 'KFqAsg', 0),
(2924, 'T5Mw48', 0),
(2925, 'EkdnG5', 0),
(2926, 'csFuWR', 0),
(2927, 'Tfjuhb', 0),
(2928, '1YI8He', 0),
(2929, 'qgyWSX', 0),
(2930, '43jH1F', 0),
(2931, 'eB62ck', 0),
(2932, 'DGTzW0', 0),
(2933, 'IBSZrN', 0),
(2934, 'VMjxvJ', 0),
(2935, 'ziGt7u', 0),
(2936, '0Hf6A3', 0),
(2937, 'm5bA6c', 0),
(2938, 'ukLAiz', 0),
(2939, 'VYviS0', 0),
(2940, '8GPNJR', 0),
(2941, 'nyodhz', 0),
(2942, 'iWM1Dj', 0),
(2943, 'tKlyg9', 0),
(2944, 'wV1e9h', 0),
(2945, 'Vfqjn2', 0),
(2946, 'DO803N', 0),
(2947, 'lfn4I2', 0),
(2948, 'PMLiYg', 0),
(2949, 'aWE5Ym', 0),
(2950, '7G8f12', 0),
(2951, 'C8cNOk', 0),
(2952, 'cpRMyb', 0),
(2953, 'wYQgiM', 0),
(2954, 'Qmsey6', 0),
(2955, 'OrDRBq', 0),
(2956, 'Jrl3pP', 0),
(2957, 'I9b7UX', 0),
(2958, 'aSgDEf', 0),
(2959, 'ubZFws', 0),
(2960, '25dCpv', 0),
(2961, 'BDz5P9', 0),
(2962, 'O0FEr4', 0),
(2963, '2aWG1K', 0),
(2964, 'T2Pr0d', 0),
(2965, 'rvQZxe', 0),
(2966, '1uGbJg', 0),
(2967, 'a0V8Ux', 0),
(2968, 'lY5eZz', 0),
(2969, '5oXgAP', 0),
(2970, '1JkYKy', 0),
(2971, 'Unvoxp', 0),
(2972, 'x3L9eV', 0),
(2973, 'MLTNAl', 0),
(2974, 'VzlqMi', 0),
(2975, 'YMvLoO', 0),
(2976, 'RDSy8n', 0),
(2977, 'xWzBnC', 0),
(2978, 'XOpCfR', 0),
(2979, 'yBhFS6', 0),
(2980, 'L2yhVB', 0),
(2981, 'In2vsp', 0),
(2982, 'nAYUDj', 0),
(2983, 'ZKOCXN', 0),
(2984, 'Bgumjv', 0),
(2985, '8FRmKA', 0),
(2986, '8CYqAO', 0),
(2987, '1rgHXS', 0),
(2988, 'HOSanh', 0),
(2989, 'G3WP0l', 0),
(2990, 'dwnrYO', 0),
(2991, 'JcPIMp', 0),
(2992, 'qScotM', 0),
(2993, 'WiIfzL', 0),
(2994, 'q0gX2e', 0),
(2995, '10E8gc', 0),
(2996, 'e2Q3Vz', 0),
(2997, 'vpErLg', 0),
(2998, 'RlLEcV', 0),
(2999, 'DOlLd2', 0);

-- --------------------------------------------------------

--
-- Table structure for table `td_remittance`
--

CREATE TABLE `td_remittance` (
  `id` int(11) NOT NULL,
  `first_name` varchar(255) NOT NULL,
  `middle_name` varchar(255) NOT NULL,
  `last_name` varchar(255) NOT NULL,
  `address` varchar(255) NOT NULL,
  `phone_number` int(12) NOT NULL,
  `remittance_center` varchar(255) NOT NULL,
  `member_id` int(11) NOT NULL
) ENGINE=InnoDB DEFAULT CHARSET=utf8mb4;

-- --------------------------------------------------------

--
-- Table structure for table `td_withdrawals`
--

CREATE TABLE `td_withdrawals` (
  `id` int(11) NOT NULL,
  `member_id` int(11) NOT NULL,
  `date` datetime NOT NULL DEFAULT current_timestamp(),
  `date_approved` datetime NOT NULL,
  `amount` decimal(10,0) NOT NULL,
  `payment_method` varchar(255) NOT NULL,
  `is_pending` tinyint(1) NOT NULL
) ENGINE=MyISAM DEFAULT CHARSET=utf8;

-- --------------------------------------------------------

--
-- Table structure for table `td_withdrawal_mode`
--

CREATE TABLE `td_withdrawal_mode` (
  `id` int(11) NOT NULL,
  `member_id` int(11) NOT NULL,
  `bitcoin` varchar(200) NOT NULL,
  `ethereum` varchar(200) NOT NULL,
  `abra` varchar(200) NOT NULL,
  `neteller` varchar(200) NOT NULL,
  `paypal` varchar(200) NOT NULL,
  `advcash` varchar(200) NOT NULL
) ENGINE=MyISAM DEFAULT CHARSET=utf8;

--
-- Dumping data for table `td_withdrawal_mode`
--

INSERT INTO `td_withdrawal_mode` (`id`, `member_id`, `bitcoin`, `ethereum`, `abra`, `neteller`, `paypal`, `advcash`) VALUES
(1, 178, 'dfsdfsdfsdfsdfsdf', '', '', '', '', ''),
(2, 179, '', '', '', '', '', ''),
(3, 180, '', '', '', '', '', ''),
(4, 181, '', '', '', '', '', ''),
(5, 182, '', '', '', '', '', ''),
(6, 183, 'dfsdfsdfsdfsdfsdf', '', '', '', '', ''),
(7, 184, '', '', '', '', '', ''),
(8, 185, 'dfsdfsdfsdfsdfsdf', '', '', '', '', ''),
(9, 186, '', '', '', '', '', '');

--
-- Indexes for dumped tables
--

--
-- Indexes for table `ac_messages`
--
ALTER TABLE `ac_messages`
  ADD PRIMARY KEY (`id`);

--
-- Indexes for table `ac_profiles`
--
ALTER TABLE `ac_profiles`
  ADD PRIMARY KEY (`id`);

--
-- Indexes for table `ac_settings`
--
ALTER TABLE `ac_settings`
  ADD PRIMARY KEY (`id`);

--
-- Indexes for table `ac_users_messages`
--
ALTER TABLE `ac_users_messages`
  ADD PRIMARY KEY (`id`),
  ADD UNIQUE KEY `users_id` (`users_id`,`buddy_id`);

--
-- Indexes for table `td_account_type`
--
ALTER TABLE `td_account_type`
  ADD PRIMARY KEY (`id`);

--
-- Indexes for table `td_banks`
--
ALTER TABLE `td_banks`
  ADD PRIMARY KEY (`id`);

--
-- Indexes for table `td_btc`
--
ALTER TABLE `td_btc`
  ADD PRIMARY KEY (`id`);

--
-- Indexes for table `td_deposits`
--
ALTER TABLE `td_deposits`
  ADD PRIMARY KEY (`id`);

--
-- Indexes for table `td_deposit_options`
--
ALTER TABLE `td_deposit_options`
  ADD PRIMARY KEY (`id`);

--
-- Indexes for table `td_fund_transfer`
--
ALTER TABLE `td_fund_transfer`
  ADD PRIMARY KEY (`id`);

--
-- Indexes for table `td_gcash`
--
ALTER TABLE `td_gcash`
  ADD PRIMARY KEY (`id`);

--
-- Indexes for table `td_members`
--
ALTER TABLE `td_members`
  ADD PRIMARY KEY (`id`);

--
-- Indexes for table `td_packages`
--
ALTER TABLE `td_packages`
  ADD PRIMARY KEY (`id`);

--
-- Indexes for table `td_referrals`
--
ALTER TABLE `td_referrals`
  ADD PRIMARY KEY (`id`);

--
-- Indexes for table `td_referral_bonus`
--
ALTER TABLE `td_referral_bonus`
  ADD PRIMARY KEY (`id`);

--
-- Indexes for table `td_referral_codes`
--
ALTER TABLE `td_referral_codes`
  ADD PRIMARY KEY (`id`),
  ADD UNIQUE KEY `code` (`code`);

--
-- Indexes for table `td_remittance`
--
ALTER TABLE `td_remittance`
  ADD PRIMARY KEY (`id`);

--
-- Indexes for table `td_withdrawals`
--
ALTER TABLE `td_withdrawals`
  ADD PRIMARY KEY (`id`);

--
-- Indexes for table `td_withdrawal_mode`
--
ALTER TABLE `td_withdrawal_mode`
  ADD PRIMARY KEY (`id`);

--
-- AUTO_INCREMENT for dumped tables
--

--
-- AUTO_INCREMENT for table `ac_messages`
--
ALTER TABLE `ac_messages`
  MODIFY `id` int(11) NOT NULL AUTO_INCREMENT;

--
-- AUTO_INCREMENT for table `ac_profiles`
--
ALTER TABLE `ac_profiles`
  MODIFY `id` int(11) NOT NULL AUTO_INCREMENT, AUTO_INCREMENT=2;

--
-- AUTO_INCREMENT for table `ac_settings`
--
ALTER TABLE `ac_settings`
  MODIFY `id` int(11) NOT NULL AUTO_INCREMENT, AUTO_INCREMENT=14;

--
-- AUTO_INCREMENT for table `ac_users_messages`
--
ALTER TABLE `ac_users_messages`
  MODIFY `id` int(11) NOT NULL AUTO_INCREMENT;

--
-- AUTO_INCREMENT for table `td_account_type`
--
ALTER TABLE `td_account_type`
  MODIFY `id` int(11) NOT NULL AUTO_INCREMENT, AUTO_INCREMENT=4;

--
-- AUTO_INCREMENT for table `td_banks`
--
ALTER TABLE `td_banks`
  MODIFY `id` int(11) NOT NULL AUTO_INCREMENT, AUTO_INCREMENT=10;

--
-- AUTO_INCREMENT for table `td_btc`
--
ALTER TABLE `td_btc`
  MODIFY `id` int(11) NOT NULL AUTO_INCREMENT, AUTO_INCREMENT=5;

--
-- AUTO_INCREMENT for table `td_deposits`
--
ALTER TABLE `td_deposits`
  MODIFY `id` int(11) NOT NULL AUTO_INCREMENT, AUTO_INCREMENT=18;

--
-- AUTO_INCREMENT for table `td_deposit_options`
--
ALTER TABLE `td_deposit_options`
  MODIFY `id` int(11) NOT NULL AUTO_INCREMENT, AUTO_INCREMENT=12;

--
-- AUTO_INCREMENT for table `td_fund_transfer`
--
ALTER TABLE `td_fund_transfer`
  MODIFY `id` int(11) NOT NULL AUTO_INCREMENT, AUTO_INCREMENT=3;

--
-- AUTO_INCREMENT for table `td_gcash`
--
ALTER TABLE `td_gcash`
  MODIFY `id` int(11) NOT NULL AUTO_INCREMENT, AUTO_INCREMENT=4;

--
-- AUTO_INCREMENT for table `td_members`
--
ALTER TABLE `td_members`
  MODIFY `id` int(11) NOT NULL AUTO_INCREMENT, AUTO_INCREMENT=187;

--
-- AUTO_INCREMENT for table `td_referrals`
--
ALTER TABLE `td_referrals`
  MODIFY `id` int(11) NOT NULL AUTO_INCREMENT, AUTO_INCREMENT=10;

--
-- AUTO_INCREMENT for table `td_referral_bonus`
--
ALTER TABLE `td_referral_bonus`
  MODIFY `id` int(11) NOT NULL AUTO_INCREMENT, AUTO_INCREMENT=12;

--
-- AUTO_INCREMENT for table `td_referral_codes`
--
ALTER TABLE `td_referral_codes`
  MODIFY `id` int(11) NOT NULL AUTO_INCREMENT, AUTO_INCREMENT=3000;

--
-- AUTO_INCREMENT for table `td_withdrawals`
--
ALTER TABLE `td_withdrawals`
  MODIFY `id` int(11) NOT NULL AUTO_INCREMENT, AUTO_INCREMENT=3;

--
-- AUTO_INCREMENT for table `td_withdrawal_mode`
--
ALTER TABLE `td_withdrawal_mode`
  MODIFY `id` int(11) NOT NULL AUTO_INCREMENT, AUTO_INCREMENT=10;
COMMIT;

/*!40101 SET CHARACTER_SET_CLIENT=@OLD_CHARACTER_SET_CLIENT */;
/*!40101 SET CHARACTER_SET_RESULTS=@OLD_CHARACTER_SET_RESULTS */;
/*!40101 SET COLLATION_CONNECTION=@OLD_COLLATION_CONNECTION */;
